town,district_code,building_form_or_type,scenario_registry_status,variable_id,final_determination,raw_value,source_type,source_document,source_page,section_or_node_path,table_or_figure_id,row_label,column_label,source_excerpt,extraction_method,source_confidence,rationale,missingness_diagnosis,comparability_status,shared_table_cell,date_version,scenario_id,scenario_source,exclusion_reason
Bridgeport,RX1,Commercial House,in_phase2_registry,V7,confirmed_allowed_by_right,6 max.,manual_verified_visual_table,bridgeport_zoning_code_full_2022-01.pdf.pdf,40,3.40.9,3.40.9.ALLOWED_USES,Number of Principal Units,RX1,Number of Principal Units: 6 max.; Household Living: allowed_full,manual_direct_page_render_and_human_transcription,high_direct_human_verification,stated_by_right_ceiling_or_floor=6,confirmed_allowed_by_right,directly_comparable,False,2026-10-01T20:28:15.079390+00:00,,,not_in_phase2_scenario_registry_or_small_general_addendum; registry completion beyond Small General is out of scope for this narrowly-scoped integration pass
Bridgeport,RX1,Commercial House,in_phase2_registry,V12,confirmed_entitlement_present,6 max.,manual_verified_visual_table,bridgeport_zoning_code_full_2022-01.pdf.pdf,40,3.40.9,3.40.9.ALLOWED_USES,Number of Principal Units,RX1,Number of Principal Units: 6 max.; Household Living: allowed_full,manual_direct_page_render_and_human_transcription,high_direct_human_verification,principal_by_right=6_plus_accessory_by_right=0_total=6_exceeds_4_but_includes_2_4_subrange_by_right,confirmed_entitlement_present,directly_comparable,False,2026-10-01T20:28:15.079390+00:00,,,not_in_phase2_scenario_registry_or_small_general_addendum; registry completion beyond Small General is out of scope for this narrowly-scoped integration pass
Bridgeport,P2,General,in_phase2_registry,V7,confirmed_not_applicable,-,manual_verified_visual_table,bridgeport_zoning_code_full_2022-01.pdf.pdf,48,3.50.9,3.50.9.ALLOWED_USES,Number of Principal Units,P2,Number of Principal Units: -; Household Living: not_allowed,manual_direct_page_render_and_human_transcription,high_direct_human_verification,household_living_not_an_allowed_use,confirmed_not_applicable,directly_comparable,False,2026-10-01T20:28:15.079390+00:00,,,not_in_phase2_scenario_registry_or_small_general_addendum; registry completion beyond Small General is out of scope for this narrowly-scoped integration pass
Bridgeport,P2,General,in_phase2_registry,V12,confirmed_entitlement_absent,-,manual_verified_visual_table,bridgeport_zoning_code_full_2022-01.pdf.pdf,48,3.50.9,3.50.9.ALLOWED_USES,Number of Principal Units,P2,Number of Principal Units: -; Household Living: not_allowed,manual_direct_page_render_and_human_transcription,high_direct_human_verification,household_living_not_allowed_by_right,confirmed_entitlement_absent,directly_comparable,False,2026-10-01T20:28:15.079390+00:00,,,not_in_phase2_scenario_registry_or_small_general_addendum; registry completion beyond Small General is out of scope for this narrowly-scoped integration pass
Bridgeport,IX,General,in_phase2_registry,V7,confirmed_not_applicable,-,manual_verified_visual_table,bridgeport_zoning_code_full_2022-01.pdf.pdf,48,3.50.9,3.50.9.ALLOWED_USES,Number of Principal Units,IX,Number of Principal Units: -; Household Living: not_allowed,manual_direct_page_render_and_human_transcription,high_direct_human_verification,household_living_not_an_allowed_use,confirmed_not_applicable,directly_comparable,True,2026-10-01T20:28:15.079390+00:00,,,not_in_phase2_scenario_registry_or_small_general_addendum; registry completion beyond Small General is out of scope for this narrowly-scoped integration pass
Bridgeport,IX,General,in_phase2_registry,V12,confirmed_entitlement_absent,-,manual_verified_visual_table,bridgeport_zoning_code_full_2022-01.pdf.pdf,48,3.50.9,3.50.9.ALLOWED_USES,Number of Principal Units,IX,Number of Principal Units: -; Household Living: not_allowed,manual_direct_page_render_and_human_transcription,high_direct_human_verification,household_living_not_allowed_by_right,confirmed_entitlement_absent,directly_comparable,True,2026-10-01T20:28:15.079390+00:00,,,not_in_phase2_scenario_registry_or_small_general_addendum; registry completion beyond Small General is out of scope for this narrowly-scoped integration pass
Bridgeport,I,General,in_phase2_registry,V7,confirmed_not_applicable,-,manual_verified_visual_table,bridgeport_zoning_code_full_2022-01.pdf.pdf,48,3.50.9,3.50.9.ALLOWED_USES,Number of Principal Units,I,Number of Principal Units: -; Household Living: not_allowed,manual_direct_page_render_and_human_transcription,high_direct_human_verification,household_living_not_an_allowed_use,confirmed_not_applicable,directly_comparable,True,2026-10-01T20:28:15.079390+00:00,,,not_in_phase2_scenario_registry_or_small_general_addendum; registry completion beyond Small General is out of scope for this narrowly-scoped integration pass
Bridgeport,I,General,in_phase2_registry,V12,confirmed_entitlement_absent,-,manual_verified_visual_table,bridgeport_zoning_code_full_2022-01.pdf.pdf,48,3.50.9,3.50.9.ALLOWED_USES,Number of Principal Units,I,Number of Principal Units: -; Household Living: not_allowed,manual_direct_page_render_and_human_transcription,high_direct_human_verification,household_living_not_allowed_by_right,confirmed_entitlement_absent,directly_comparable,True,2026-10-01T20:28:15.079390+00:00,,,not_in_phase2_scenario_registry_or_small_general_addendum; registry completion beyond Small General is out of scope for this narrowly-scoped integration pass
Bridgeport,NX2,Row,in_phase2_registry,V7,confirmed_not_available_by_right,1 max. per Row House,manual_verified_visual_table,bridgeport_zoning_code_full_2022-01.pdf.pdf,64,3.70.9,3.70.9.ALLOWED_USES,Number of Principal Units,NX2,Number of Principal Units: 1 max. per Row House; Household Living: allowed_full,manual_direct_page_render_and_human_transcription,high_direct_human_verification,stated_by_right_ceiling=1_special_permit_pathway_not_by_right,confirmed_not_available_by_right,directly_comparable,True,2026-10-01T20:28:15.079390+00:00,,,not_in_phase2_scenario_registry_or_small_general_addendum; registry completion beyond Small General is out of scope for this narrowly-scoped integration pass
Bridgeport,NX2,Row,in_phase2_registry,V12,confirmed_entitlement_absent,1 max. per Row House,manual_verified_visual_table,bridgeport_zoning_code_full_2022-01.pdf.pdf,64,3.70.9,3.70.9.ALLOWED_USES,Number of Principal Units,NX2,Number of Principal Units: 1 max. per Row House; Household Living: allowed_full,manual_direct_page_render_and_human_transcription,high_direct_human_verification,principal_by_right=1_plus_accessory_by_right=0_total=1_below_2_unit_floor,confirmed_entitlement_absent,directly_comparable,True,2026-10-01T20:28:15.079390+00:00,,,not_in_phase2_scenario_registry_or_small_general_addendum; registry completion beyond Small General is out of scope for this narrowly-scoped integration pass
Bridgeport,RX1,Row,in_phase2_registry,V7,confirmed_allowed_by_right,3 max. per Row House,manual_verified_visual_table,bridgeport_zoning_code_full_2022-01.pdf.pdf,64,3.70.9,3.70.9.ALLOWED_USES,Number of Principal Units,RX1,Number of Principal Units: 3 max. per Row House; Household Living: allowed_full,manual_direct_page_render_and_human_transcription,high_direct_human_verification,stated_by_right_ceiling_or_floor=3,confirmed_allowed_by_right,directly_comparable,True,2026-10-01T20:28:15.079390+00:00,,,not_in_phase2_scenario_registry_or_small_general_addendum; registry completion beyond Small General is out of scope for this narrowly-scoped integration pass
Bridgeport,RX1,Row,in_phase2_registry,V12,confirmed_entitlement_present,3 max. per Row House,manual_verified_visual_table,bridgeport_zoning_code_full_2022-01.pdf.pdf,64,3.70.9,3.70.9.ALLOWED_USES,Number of Principal Units,RX1,Number of Principal Units: 3 max. per Row House; Household Living: allowed_full,manual_direct_page_render_and_human_transcription,high_direct_human_verification,principal_by_right=3_plus_accessory_by_right=0_total=3_intersects_2_4_range,confirmed_entitlement_present,directly_comparable,True,2026-10-01T20:28:15.079390+00:00,,,not_in_phase2_scenario_registry_or_small_general_addendum; registry completion beyond Small General is out of scope for this narrowly-scoped integration pass
Bridgeport,NX2,Double House A,in_phase2_registry,V7,confirmed_allowed_by_right,"up to 6, 8 with special permit in House; plus 1 unit in backyard cottage",manual_verified_visual_table,bridgeport_zoning_code_full_2022-01.pdf.pdf,72,3.80.9,3.80.9.ALLOWED_USES,Number of Principal Units,NX2,"Number of Principal Units: up to 6, 8 with special permit in House; plus 1 unit in backyard cottage; Household Living: allowed_full",manual_direct_page_render_and_human_transcription,high_direct_human_verification,stated_by_right_ceiling_or_floor=6,confirmed_allowed_by_right,directly_comparable,False,2026-10-01T20:28:15.079390+00:00,,,not_in_phase2_scenario_registry_or_small_general_addendum; registry completion beyond Small General is out of scope for this narrowly-scoped integration pass
Bridgeport,NX2,Double House A,in_phase2_registry,V12,confirmed_entitlement_present,"up to 6, 8 with special permit in House; plus 1 unit in backyard cottage",manual_verified_visual_table,bridgeport_zoning_code_full_2022-01.pdf.pdf,72,3.80.9,3.80.9.ALLOWED_USES,Number of Principal Units,NX2,"Number of Principal Units: up to 6, 8 with special permit in House; plus 1 unit in backyard cottage; Household Living: allowed_full",manual_direct_page_render_and_human_transcription,high_direct_human_verification,principal_by_right=6_plus_accessory_by_right=1_total=7_exceeds_4_but_includes_2_4_subrange_by_right,confirmed_entitlement_present,directly_comparable,False,2026-10-01T20:28:15.079390+00:00,,,not_in_phase2_scenario_registry_or_small_general_addendum; registry completion beyond Small General is out of scope for this narrowly-scoped integration pass
Bridgeport,NX2,House A,in_phase2_registry,V7,confirmed_allowed_by_right,up to 4 in House plus 1 in Backyard Cottage,manual_verified_visual_table,bridgeport_zoning_code_full_2022-01.pdf.pdf,80,3.90.9,3.90.9.ALLOWED_USES,Number of Principal Units,NX2,Number of Principal Units: up to 4 in House plus 1 in Backyard Cottage; Household Living: allowed_full,manual_direct_page_render_and_human_transcription,high_direct_human_verification,stated_by_right_ceiling_or_floor=4,confirmed_allowed_by_right,directly_comparable,False,2026-10-01T20:28:15.079390+00:00,,,not_in_phase2_scenario_registry_or_small_general_addendum; registry completion beyond Small General is out of scope for this narrowly-scoped integration pass
Bridgeport,NX2,House A,in_phase2_registry,V12,confirmed_entitlement_present,up to 4 in House plus 1 in Backyard Cottage,manual_verified_visual_table,bridgeport_zoning_code_full_2022-01.pdf.pdf,80,3.90.9,3.90.9.ALLOWED_USES,Number of Principal Units,NX2,Number of Principal Units: up to 4 in House plus 1 in Backyard Cottage; Household Living: allowed_full,manual_direct_page_render_and_human_transcription,high_direct_human_verification,principal_by_right=4_plus_accessory_by_right=1_total=5_intersects_2_4_range,confirmed_entitlement_present,directly_comparable,False,2026-10-01T20:28:15.079390+00:00,,,not_in_phase2_scenario_registry_or_small_general_addendum; registry completion beyond Small General is out of scope for this narrowly-scoped integration pass
Bridgeport,I,Workshop,in_phase2_registry,V7,confirmed_not_applicable,-,manual_verified_visual_table,bridgeport_zoning_code_full_2022-01.pdf.pdf,112,3.130.9,3.130.9.ALLOWED_USES,Number of Principal Units,I,Number of Principal Units: -; Household Living: not_allowed,manual_direct_page_render_and_human_transcription,high_direct_human_verification,household_living_not_an_allowed_use,confirmed_not_applicable,directly_comparable,False,2026-10-01T20:28:15.079390+00:00,,,not_in_phase2_scenario_registry_or_small_general_addendum; registry completion beyond Small General is out of scope for this narrowly-scoped integration pass
Bridgeport,I,Workshop,in_phase2_registry,V12,confirmed_entitlement_absent,-,manual_verified_visual_table,bridgeport_zoning_code_full_2022-01.pdf.pdf,112,3.130.9,3.130.9.ALLOWED_USES,Number of Principal Units,I,Number of Principal Units: -; Household Living: not_allowed,manual_direct_page_render_and_human_transcription,high_direct_human_verification,household_living_not_allowed_by_right,confirmed_entitlement_absent,directly_comparable,False,2026-10-01T20:28:15.079390+00:00,,,not_in_phase2_scenario_registry_or_small_general_addendum; registry completion beyond Small General is out of scope for this narrowly-scoped integration pass
Bridgeport,RX1,Civic,in_phase2_registry,V7,confirmed_not_applicable,-,manual_verified_visual_table,bridgeport_zoning_code_full_2022-01.pdf.pdf,120,3.140.9,3.140.9.ALLOWED_USES,Number of Principal Units,RX1,Number of Principal Units: -; Household Living: not_allowed,manual_direct_page_render_and_human_transcription,high_direct_human_verification,household_living_not_an_allowed_use,confirmed_not_applicable,directly_comparable,True,2026-10-01T20:28:15.079390+00:00,,,not_in_phase2_scenario_registry_or_small_general_addendum; registry completion beyond Small General is out of scope for this narrowly-scoped integration pass
Bridgeport,RX1,Civic,in_phase2_registry,V12,confirmed_entitlement_absent,-,manual_verified_visual_table,bridgeport_zoning_code_full_2022-01.pdf.pdf,120,3.140.9,3.140.9.ALLOWED_USES,Number of Principal Units,RX1,Number of Principal Units: -; Household Living: not_allowed,manual_direct_page_render_and_human_transcription,high_direct_human_verification,household_living_not_allowed_by_right,confirmed_entitlement_absent,directly_comparable,True,2026-10-01T20:28:15.079390+00:00,,,not_in_phase2_scenario_registry_or_small_general_addendum; registry completion beyond Small General is out of scope for this narrowly-scoped integration pass
Bridgeport,P1,Civic,in_phase2_registry,V7,confirmed_not_applicable,-,manual_verified_visual_table,bridgeport_zoning_code_full_2022-01.pdf.pdf,120,3.140.9,3.140.9.ALLOWED_USES,Number of Principal Units,P1,Number of Principal Units: -; Household Living: not_allowed,manual_direct_page_render_and_human_transcription,high_direct_human_verification,household_living_not_an_allowed_use,confirmed_not_applicable,directly_comparable,True,2026-10-01T20:28:15.079390+00:00,,,not_in_phase2_scenario_registry_or_small_general_addendum; registry completion beyond Small General is out of scope for this narrowly-scoped integration pass
Bridgeport,P1,Civic,in_phase2_registry,V12,confirmed_entitlement_absent,-,manual_verified_visual_table,bridgeport_zoning_code_full_2022-01.pdf.pdf,120,3.140.9,3.140.9.ALLOWED_USES,Number of Principal Units,P1,Number of Principal Units: -; Household Living: not_allowed,manual_direct_page_render_and_human_transcription,high_direct_human_verification,household_living_not_allowed_by_right,confirmed_entitlement_absent,directly_comparable,True,2026-10-01T20:28:15.079390+00:00,,,not_in_phase2_scenario_registry_or_small_general_addendum; registry completion beyond Small General is out of scope for this narrowly-scoped integration pass
Bridgeport,P2,Civic,in_phase2_registry,V7,confirmed_not_applicable,-,manual_verified_visual_table,bridgeport_zoning_code_full_2022-01.pdf.pdf,120,3.140.9,3.140.9.ALLOWED_USES,Number of Principal Units,P2,Number of Principal Units: -; Household Living: not_allowed,manual_direct_page_render_and_human_transcription,high_direct_human_verification,household_living_not_an_allowed_use,confirmed_not_applicable,directly_comparable,True,2026-10-01T20:28:15.079390+00:00,,,not_in_phase2_scenario_registry_or_small_general_addendum; registry completion beyond Small General is out of scope for this narrowly-scoped integration pass
Bridgeport,P2,Civic,in_phase2_registry,V12,confirmed_entitlement_absent,-,manual_verified_visual_table,bridgeport_zoning_code_full_2022-01.pdf.pdf,120,3.140.9,3.140.9.ALLOWED_USES,Number of Principal Units,P2,Number of Principal Units: -; Household Living: not_allowed,manual_direct_page_render_and_human_transcription,high_direct_human_verification,household_living_not_allowed_by_right,confirmed_entitlement_absent,directly_comparable,True,2026-10-01T20:28:15.079390+00:00,,,not_in_phase2_scenario_registry_or_small_general_addendum; registry completion beyond Small General is out of scope for this narrowly-scoped integration pass
Bridgeport,P4,Civic,in_phase2_registry,V7,confirmed_not_applicable,-,manual_verified_visual_table,bridgeport_zoning_code_full_2022-01.pdf.pdf,120,3.140.9,3.140.9.ALLOWED_USES,Number of Principal Units,P4,Number of Principal Units: -; Household Living: not_allowed,manual_direct_page_render_and_human_transcription,high_direct_human_verification,household_living_not_an_allowed_use,confirmed_not_applicable,directly_comparable,True,2026-10-01T20:28:15.079390+00:00,,,not_in_phase2_scenario_registry_or_small_general_addendum; registry completion beyond Small General is out of scope for this narrowly-scoped integration pass
Bridgeport,P4,Civic,in_phase2_registry,V12,confirmed_entitlement_absent,-,manual_verified_visual_table,bridgeport_zoning_code_full_2022-01.pdf.pdf,120,3.140.9,3.140.9.ALLOWED_USES,Number of Principal Units,P4,Number of Principal Units: -; Household Living: not_allowed,manual_direct_page_render_and_human_transcription,high_direct_human_verification,household_living_not_allowed_by_right,confirmed_entitlement_absent,directly_comparable,True,2026-10-01T20:28:15.079390+00:00,,,not_in_phase2_scenario_registry_or_small_general_addendum; registry completion beyond Small General is out of scope for this narrowly-scoped integration pass
Bridgeport,P5,Civic,in_phase2_registry,V7,confirmed_not_applicable,-,manual_verified_visual_table,bridgeport_zoning_code_full_2022-01.pdf.pdf,120,3.140.9,3.140.9.ALLOWED_USES,Number of Principal Units,P5,Number of Principal Units: -; Household Living: not_allowed,manual_direct_page_render_and_human_transcription,high_direct_human_verification,household_living_not_an_allowed_use,confirmed_not_applicable,directly_comparable,True,2026-10-01T20:28:15.079390+00:00,,,not_in_phase2_scenario_registry_or_small_general_addendum; registry completion beyond Small General is out of scope for this narrowly-scoped integration pass
Bridgeport,P5,Civic,in_phase2_registry,V12,confirmed_entitlement_absent,-,manual_verified_visual_table,bridgeport_zoning_code_full_2022-01.pdf.pdf,120,3.140.9,3.140.9.ALLOWED_USES,Number of Principal Units,P5,Number of Principal Units: -; Household Living: not_allowed,manual_direct_page_render_and_human_transcription,high_direct_human_verification,household_living_not_allowed_by_right,confirmed_entitlement_absent,directly_comparable,True,2026-10-01T20:28:15.079390+00:00,,,not_in_phase2_scenario_registry_or_small_general_addendum; registry completion beyond Small General is out of scope for this narrowly-scoped integration pass
Bridgeport,P3,Civic,in_phase2_registry,V7,confirmed_not_applicable,-,manual_verified_visual_table,bridgeport_zoning_code_full_2022-01.pdf.pdf,120,3.140.9,3.140.9.ALLOWED_USES,Number of Principal Units,P3,Number of Principal Units: -; Household Living: special_permit,manual_direct_page_render_and_human_transcription,high_direct_human_verification,household_living_only_via_special_permit_pathway_not_evaluated_as_by_right_use_table,confirmed_not_applicable,directly_comparable,False,2026-10-01T20:28:15.079390+00:00,,,not_in_phase2_scenario_registry_or_small_general_addendum; registry completion beyond Small General is out of scope for this narrowly-scoped integration pass
Bridgeport,P3,Civic,in_phase2_registry,V12,confirmed_entitlement_absent,-,manual_verified_visual_table,bridgeport_zoning_code_full_2022-01.pdf.pdf,120,3.140.9,3.140.9.ALLOWED_USES,Number of Principal Units,P3,Number of Principal Units: -; Household Living: special_permit,manual_direct_page_render_and_human_transcription,high_direct_human_verification,household_living_not_allowed_by_right,confirmed_entitlement_absent,directly_comparable,False,2026-10-01T20:28:15.079390+00:00,,,not_in_phase2_scenario_registry_or_small_general_addendum; registry completion beyond Small General is out of scope for this narrowly-scoped integration pass
