page,building_type,zone_code,attached_garage_setback_ft,street_setback_note,side_rear_setback_ft,rule_form,notes
29,Commercial Center,MX2,30.0,"30 ft. min. behind primary facade in rear of building above any basement; door location: rear, side, internal, non-primary facade",5.0,fixed_distance,"surface parking location: rear yard, internal yard, side yard"
37,Commercial House,MX1,20.0,20 ft. min. behind primary facade in rear of building; door location: rear or non-primary facade,3.0,fixed_distance,"surface parking location: rear yard, limited side yard except in MXN"
37,Commercial House,MXN,20.0,20 ft. min. behind primary facade in rear of building; door location: rear or non-primary facade,3.0,fixed_distance,"surface parking location: rear yard, limited side yard except in MXN"
37,Commercial House,MX2,20.0,20 ft. min. behind primary facade in rear of building; door location: rear or non-primary facade,3.0,fixed_distance,"surface parking location: rear yard, limited side yard except in MXN"
37,Commercial House,RX1,20.0,20 ft. min. behind primary facade in rear of building; door location: rear or non-primary facade,3.0,fixed_distance,"surface parking location: rear yard, limited side yard"
37,Commercial House,RX2,20.0,20 ft. min. behind primary facade in rear of building; door location: rear or non-primary facade,3.0,fixed_distance,"surface parking location: rear yard, limited side yard"
53,Small General,NX2,20.0,20 ft. min. behind primary facade in rear of building; door location: rear and street-side facades,3.0,fixed_distance,"surface parking location: rear yard, limited side yard"
53,Small General,RX1,20.0,20 ft. min. behind primary facade in rear of building; door location: rear and street-side facades,3.0,fixed_distance,"surface parking location: rear yard, limited side yard"
61,Row,NX1,15.0,"min. 15 ft. behind primary facade, rear of building; door location: rear, not visible from a primary street and screened from non-primary streets",3.0,fixed_distance,surface parking location: rear yard
61,Row,NX2,15.0,"min. 15 ft. behind primary facade, rear of building; door location: rear, not visible from a primary street and screened from non-primary streets",3.0,fixed_distance,surface parking location: rear yard
61,Row,NX3,15.0,"min. 15 ft. behind primary facade, rear of building; door location: rear, not visible from a primary street and screened from non-primary streets",3.0,fixed_distance,surface parking location: rear yard
61,Row,RX1,15.0,"min. 15 ft. behind primary facade, rear of building; door location: rear, not visible from a primary street and screened from non-primary streets",3.0,fixed_distance,surface parking location: rear yard
61,Row,RX2,15.0,"min. 15 ft. behind primary facade, rear of building; door location: rear, not visible from a primary street and screened from non-primary streets",3.0,fixed_distance,surface parking location: rear yard
69,Double House A,NX1,50.0,"50 ft. min. behind primary facade in rear of building, ground story only; door location: rear facade or non-primary facade",3.0,fixed_distance,surface parking location: rear yard only
69,Double House A,NX2,50.0,"50 ft. min. behind primary facade in rear of building, ground story only; door location: rear facade or non-primary facade",3.0,fixed_distance,surface parking location: rear yard only
77,House A,N1,20.0,20 ft. min. behind primary facade in rear of building; door location: rear or non-primary facade,3.0,fixed_distance,surface parking location: rear yard
77,House A,NX1,20.0,20 ft. min. behind primary facade in rear of building; door location: rear or non-primary facade,3.0,fixed_distance,surface parking location: rear yard
77,House A,NX2,20.0,20 ft. min. behind primary facade in rear of building; door location: rear or non-primary facade,3.0,fixed_distance,surface parking location: rear yard
85,House B,N2,20.0,"20 ft. min. behind primary facade; door location: rear facade, street-side facade",3.0,fixed_distance,surface parking location: rear yard only
93,House C,N3,,"No behind-facade setback distance stated; door location: any facade, max. 35% of primary facade",3.0,door_location_limit_no_setback_distance,Structurally non-equivalent to the behind-facade-distance form used by other building types; not converted to a number.
101,House D,N4,,"No closer to lot line than primary facade (relative-to-lot-line rule, not a stated minimum distance); door location: any facade, max. 35% of primary facade",3.0,relative_to_lot_line_no_fixed_distance,Structurally non-equivalent to the behind-facade-distance form used by other building types; not converted to a number.
109,Workshop,CX,,"No setback distance stated; door location: any facade, limited to no more than 1 bay per 60 ft. of primary facade",,cross_reference_to_building_setback_table,"Side & rear setback stated as 'same as building setback' -- a cross-reference, not a standalone number; not fabricated here."
109,Workshop,I,,No setback distance stated; door location: any facade,,cross_reference_to_building_setback_table,"Side & rear setback stated as 'same as building setback' -- a cross-reference, not a standalone number; not fabricated here."
117,Civic,DX1,20.0,"minimum 20 feet from primary facade, rear of building; door location: side, rear, interior side facade",3.0,fixed_distance,"surface parking location: rear, limited side yard, internal"
117,Civic,DX2,20.0,"minimum 20 feet from primary facade, rear of building; door location: side, rear, interior side facade",3.0,fixed_distance,"surface parking location: rear, limited side yard, internal"
117,Civic,MX1,20.0,"minimum 20 feet from primary facade, rear of building; door location: side, rear, interior side facade",3.0,fixed_distance,"surface parking location: rear, limited side yard, internal"
117,Civic,MX2,20.0,"minimum 20 feet from primary facade, rear of building; door location: side, rear, interior side facade",3.0,fixed_distance,"surface parking location: rear, limited side yard, internal"
117,Civic,RX1,20.0,"minimum 20 feet from primary facade, rear of building; door location: side, rear, interior side facade",3.0,fixed_distance,"surface parking location: rear, limited side yard, internal"
117,Civic,RX2,20.0,"minimum 20 feet from primary facade, rear of building; door location: side, rear, interior side facade",3.0,fixed_distance,"surface parking location: rear, limited side yard, internal"
117,Civic,CX,20.0,"minimum 20 feet from primary facade, rear of building; door location: side, rear, interior side facade",3.0,fixed_distance,"surface parking location: rear, limited side yard, internal"
117,Civic,NX3,20.0,"minimum 20 feet from primary facade, rear of building; door location: side, rear, interior side facade",3.0,fixed_distance,"surface parking location: rear, limited side yard, internal"
117,Civic,NX4,20.0,"minimum 20 feet from primary facade, rear of building; door location: side, rear, interior side facade",3.0,fixed_distance,"surface parking location: rear, limited side yard, internal"
117,Civic,P2,20.0,"minimum 20 feet from primary facade, rear of building; door location: side, rear, interior side facade",3.0,fixed_distance,"surface parking location: rear, limited side yard, internal"
117,Civic,P1,20.0,"minimum 20 feet from primary facade, rear of building; door location: side, rear, interior side facade",3.0,fixed_distance,"surface parking location: rear, limited side yard, internal"
117,Civic,P4,20.0,"minimum 20 feet from primary facade, rear of building; door location: side, rear, interior side facade",3.0,fixed_distance,"surface parking location: rear, limited side yard, internal"
117,Civic,P5,20.0,"minimum 20 feet from primary facade, rear of building; door location: side, rear, interior side facade",3.0,fixed_distance,"surface parking location: rear, limited side yard, internal"
117,Civic,P3,20.0,"minimum 20 feet from primary facade, rear of building; door location: side, rear, interior side facade",3.0,fixed_distance,"surface parking location: rear, limited side yard, internal"
