citation_id,raw_citation_text,normalized_citation,citation_kind,source_node_id,source_page,source_excerpt,target_node_id,resolution_status,resolution_confidence,ambiguity_reason
bridgeport-connecticut-afe7c678fa5dfc85-citation-00001,Table 2-1,2-1,table_reference,bridgeport-connecticut-afe7c678fa5dfc85-repaired-node-000025,10,The city’s mixed-use zones are listed in Table 2-1 . When this,,unresolved,0.0,no_caption_found_for_table_reference
bridgeport-connecticut-afe7c678fa5dfc85-citation-00002,Table 2-1,2-1,table_reference,bridgeport-connecticut-afe7c678fa5dfc85-repaired-node-000032,11,The city’s neighborhood zones are listed in Table 2-1 . When,,unresolved,0.0,no_caption_found_for_table_reference
bridgeport-connecticut-afe7c678fa5dfc85-citation-00003,Table 2-1,2-1,table_reference,bridgeport-connecticut-afe7c678fa5dfc85-repaired-node-000040,11,The city’s industrial zones are listed in Table 2-1 . When this,,unresolved,0.0,no_caption_found_for_table_reference
bridgeport-connecticut-afe7c678fa5dfc85-citation-00004,Table 2-1,2-1,table_reference,bridgeport-connecticut-afe7c678fa5dfc85-repaired-node-000042,11,The city’s public-institutional zones are listed in Table 2-1 .,,unresolved,0.0,no_caption_found_for_table_reference
bridgeport-connecticut-afe7c678fa5dfc85-citation-00006,Table 2-1,2-1,table_reference,bridgeport-connecticut-afe7c678fa5dfc85-repaired-node-000051,12,The city’s overlay zones are listed in Table 2-1 . When this,,unresolved,0.0,no_caption_found_for_table_reference
bridgeport-connecticut-afe7c678fa5dfc85-citation-00250,See 8.40,8.40,decimal_section,bridgeport-connecticut-afe7c678fa5dfc85-repaired-node-000621,159,Heavy Vehicles. See 8.40 .,,unresolved,0.0,no_exact_or_ancestor_heading_number_match
bridgeport-connecticut-afe7c678fa5dfc85-citation-00262,See 5.50.2,5.50.2,decimal_section,bridgeport-connecticut-afe7c678fa5dfc85-repaired-node-000728,173,used in this MPD type. See 5.50.2.D for specific layout,,unresolved,0.0,no_exact_or_ancestor_heading_number_match
bridgeport-connecticut-afe7c678fa5dfc85-citation-00266,See 5.50.2,5.50.2,decimal_section,bridgeport-connecticut-afe7c678fa5dfc85-repaired-node-000733,174,used in this MPD type. See 5.50.2.D for specific layout,,unresolved,0.0,no_exact_or_ancestor_heading_number_match
bridgeport-connecticut-afe7c678fa5dfc85-citation-00272,See 5.50.2,5.50.2,decimal_section,bridgeport-connecticut-afe7c678fa5dfc85-repaired-node-000739,174,used in this MPD type. See 5.50.2.D for specific layout,,unresolved,0.0,no_exact_or_ancestor_heading_number_match
bridgeport-connecticut-afe7c678fa5dfc85-citation-00276,See 5.50.2,5.50.2,decimal_section,bridgeport-connecticut-afe7c678fa5dfc85-repaired-node-000743,174,used in this MPD type. See 5.50.2.D for specific layout,,unresolved,0.0,no_exact_or_ancestor_heading_number_match
