record_id,scenario_id,district_code,district_name,rule_variable,raw_text,raw_value,raw_unit,normalized_value,normalized_unit,categorical_value,source_type,source_id,page,section_or_node,table_id,row_label,column_label,source_excerpt,condition_text,layout_context,table_verification_status,regex_signals,source_confidence,extraction_confidence,final_status,resolution_rationale,comparability_status,comparison_reason
bridgeport-rule-candidate-00060,bridgeport-scenario-0006,MXN,Mixed-Use Neighborhood Corners,maximum_height_stories,"ings over 5 stories, one",5,stories,,stories,,general_rule_candidate,,12,,,,,"ings over 5 stories, one",,normal,n/a,"[""(\\d+(?:\\.\\d+)?)\\s*(?:to\\s*\\d+(?:\\.\\d+)?\\s*)?stor(?:y|ies)""]",0.77,0.65,qualitative_only,"tight regex found a real story-count value, but the source text is a conditional list (e.g. '2, 2.5, or 3 stories'); only one list member was captured, so this is not reported as one confirmed number",structurally_non_equivalent,"a stories-only standard is not directly comparable to Greenwich's feet-only height without an explicit legal stories-to-feet conversion, which this code does not provide"
bridgeport-rule-candidate-00082,bridgeport-scenario-0008,DX1,Downtown Core,maximum_height_stories,"ings over 5 stories, one",5,stories,,stories,,general_rule_candidate,,19,,,,,"ings over 5 stories, one",,normal,n/a,"[""(\\d+(?:\\.\\d+)?)\\s*(?:to\\s*\\d+(?:\\.\\d+)?\\s*)?stor(?:y|ies)""]",0.8625,0.65,qualitative_only,"tight regex found a real story-count value, but the source text is a conditional list (e.g. '2, 2.5, or 3 stories'); only one list member was captured, so this is not reported as one confirmed number",structurally_non_equivalent,"a stories-only standard is not directly comparable to Greenwich's feet-only height without an explicit legal stories-to-feet conversion, which this code does not provide"
bridgeport-rule-candidate-00093,bridgeport-scenario-0009,MX1,Mixed-Use Corridor,maximum_height_stories,"ings over 5 stories, one",5,stories,,stories,,general_rule_candidate,,19,,,,,"ings over 5 stories, one",,normal,n/a,"[""(\\d+(?:\\.\\d+)?)\\s*(?:to\\s*\\d+(?:\\.\\d+)?\\s*)?stor(?:y|ies)""]",0.8625,0.65,qualitative_only,"tight regex found a real story-count value, but the source text is a conditional list (e.g. '2, 2.5, or 3 stories'); only one list member was captured, so this is not reported as one confirmed number",structurally_non_equivalent,"a stories-only standard is not directly comparable to Greenwich's feet-only height without an explicit legal stories-to-feet conversion, which this code does not provide"
bridgeport-rule-candidate-00104,bridgeport-scenario-0010,MX2,Mixed-Use Centers,maximum_height_stories,"ings over 5 stories, one",5,stories,,stories,,general_rule_candidate,,19,,,,,"ings over 5 stories, one",,normal,n/a,"[""(\\d+(?:\\.\\d+)?)\\s*(?:to\\s*\\d+(?:\\.\\d+)?\\s*)?stor(?:y|ies)""]",0.8625,0.65,qualitative_only,"tight regex found a real story-count value, but the source text is a conditional list (e.g. '2, 2.5, or 3 stories'); only one list member was captured, so this is not reported as one confirmed number",structurally_non_equivalent,"a stories-only standard is not directly comparable to Greenwich's feet-only height without an explicit legal stories-to-feet conversion, which this code does not provide"
bridgeport-rule-candidate-00115,bridgeport-scenario-0011,MXN,Mixed-Use Neighborhood Corners,maximum_height_stories,"ings over 5 stories, one",5,stories,,stories,,general_rule_candidate,,19,,,,,"ings over 5 stories, one",,normal,n/a,"[""(\\d+(?:\\.\\d+)?)\\s*(?:to\\s*\\d+(?:\\.\\d+)?\\s*)?stor(?:y|ies)""]",0.8625,0.65,qualitative_only,"tight regex found a real story-count value, but the source text is a conditional list (e.g. '2, 2.5, or 3 stories'); only one list member was captured, so this is not reported as one confirmed number",structurally_non_equivalent,"a stories-only standard is not directly comparable to Greenwich's feet-only height without an explicit legal stories-to-feet conversion, which this code does not provide"
bridgeport-rule-candidate-00126,bridgeport-scenario-0012,DX2,Downtown Support,maximum_height_stories,"ings over 5 stories, one",5,stories,,stories,,general_rule_candidate,,19,,,,,"ings over 5 stories, one",,normal,n/a,"[""(\\d+(?:\\.\\d+)?)\\s*(?:to\\s*\\d+(?:\\.\\d+)?\\s*)?stor(?:y|ies)""]",0.8500000000000001,0.65,qualitative_only,"tight regex found a real story-count value, but the source text is a conditional list (e.g. '2, 2.5, or 3 stories'); only one list member was captured, so this is not reported as one confirmed number",structurally_non_equivalent,"a stories-only standard is not directly comparable to Greenwich's feet-only height without an explicit legal stories-to-feet conversion, which this code does not provide"
bridgeport-rule-candidate-00137,bridgeport-scenario-0013,MX2,Mixed-Use Centers,maximum_height_stories,"ings over 5 stories, one",5,stories,,stories,,general_rule_candidate,,27,,,,,"ings over 5 stories, one",,normal,n/a,"[""(\\d+(?:\\.\\d+)?)\\s*(?:to\\s*\\d+(?:\\.\\d+)?\\s*)?stor(?:y|ies)""]",0.8625,0.65,qualitative_only,"tight regex found a real story-count value, but the source text is a conditional list (e.g. '2, 2.5, or 3 stories'); only one list member was captured, so this is not reported as one confirmed number",structurally_non_equivalent,"a stories-only standard is not directly comparable to Greenwich's feet-only height without an explicit legal stories-to-feet conversion, which this code does not provide"
bridgeport-rule-candidate-00192,bridgeport-scenario-0018,CX,Heavy Commercial,maximum_height_stories,", 2.5, or 3 stories in h",3,stories,,stories,,general_rule_candidate,,43,,,,,", 2.5, or 3 stories in h",,normal,n/a,"[""(\\d+(?:\\.\\d+)?)\\s*(?:to\\s*\\d+(?:\\.\\d+)?\\s*)?stor(?:y|ies)""]",0.8625,0.65,qualitative_only,"tight regex found a real story-count value, but the source text is a conditional list (e.g. '2, 2.5, or 3 stories'); only one list member was captured, so this is not reported as one confirmed number",structurally_non_equivalent,"a stories-only standard is not directly comparable to Greenwich's feet-only height without an explicit legal stories-to-feet conversion, which this code does not provide"
bridgeport-rule-candidate-00203,bridgeport-scenario-0019,DX2,Downtown Support,maximum_height_stories,", 2.5, or 3 stories in h",3,stories,,stories,,general_rule_candidate,,43,,,,,", 2.5, or 3 stories in h",,normal,n/a,"[""(\\d+(?:\\.\\d+)?)\\s*(?:to\\s*\\d+(?:\\.\\d+)?\\s*)?stor(?:y|ies)""]",0.8625,0.65,qualitative_only,"tight regex found a real story-count value, but the source text is a conditional list (e.g. '2, 2.5, or 3 stories'); only one list member was captured, so this is not reported as one confirmed number",structurally_non_equivalent,"a stories-only standard is not directly comparable to Greenwich's feet-only height without an explicit legal stories-to-feet conversion, which this code does not provide"
bridgeport-rule-candidate-00214,bridgeport-scenario-0020,NX3,Mixed Residential,maximum_height_stories,", 2.5, or 3 stories in h",3,stories,,stories,,general_rule_candidate,,43,,,,,", 2.5, or 3 stories in h",,normal,n/a,"[""(\\d+(?:\\.\\d+)?)\\s*(?:to\\s*\\d+(?:\\.\\d+)?\\s*)?stor(?:y|ies)""]",0.8625,0.65,qualitative_only,"tight regex found a real story-count value, but the source text is a conditional list (e.g. '2, 2.5, or 3 stories'); only one list member was captured, so this is not reported as one confirmed number",structurally_non_equivalent,"a stories-only standard is not directly comparable to Greenwich's feet-only height without an explicit legal stories-to-feet conversion, which this code does not provide"
bridgeport-rule-candidate-00225,bridgeport-scenario-0021,NX4,Mixed Residential,maximum_height_stories,", 2.5, or 3 stories in h",3,stories,,stories,,general_rule_candidate,,43,,,,,", 2.5, or 3 stories in h",,normal,n/a,"[""(\\d+(?:\\.\\d+)?)\\s*(?:to\\s*\\d+(?:\\.\\d+)?\\s*)?stor(?:y|ies)""]",0.8625,0.65,qualitative_only,"tight regex found a real story-count value, but the source text is a conditional list (e.g. '2, 2.5, or 3 stories'); only one list member was captured, so this is not reported as one confirmed number",structurally_non_equivalent,"a stories-only standard is not directly comparable to Greenwich's feet-only height without an explicit legal stories-to-feet conversion, which this code does not provide"
bridgeport-rule-candidate-00236,bridgeport-scenario-0022,RX2,Residential-Office Centers,maximum_height_stories,", 2.5, or 3 stories in h",3,stories,,stories,,general_rule_candidate,,43,,,,,", 2.5, or 3 stories in h",,normal,n/a,"[""(\\d+(?:\\.\\d+)?)\\s*(?:to\\s*\\d+(?:\\.\\d+)?\\s*)?stor(?:y|ies)""]",0.8625,0.65,qualitative_only,"tight regex found a real story-count value, but the source text is a conditional list (e.g. '2, 2.5, or 3 stories'); only one list member was captured, so this is not reported as one confirmed number",structurally_non_equivalent,"a stories-only standard is not directly comparable to Greenwich's feet-only height without an explicit legal stories-to-feet conversion, which this code does not provide"
bridgeport-rule-candidate-00247,bridgeport-scenario-0023,NX1,Neighborhood Mix,maximum_height_stories,".5, 3, or 3.5 stories in h",3.5,stories,,stories,,general_rule_candidate,,59,,,,,".5, 3, or 3.5 stories in h",,normal,n/a,"[""(\\d+(?:\\.\\d+)?)\\s*(?:to\\s*\\d+(?:\\.\\d+)?\\s*)?stor(?:y|ies)""]",0.8625,0.65,qualitative_only,"tight regex found a real story-count value, but the source text is a conditional list (e.g. '2, 2.5, or 3 stories'); only one list member was captured, so this is not reported as one confirmed number",structurally_non_equivalent,"a stories-only standard is not directly comparable to Greenwich's feet-only height without an explicit legal stories-to-feet conversion, which this code does not provide"
bridgeport-rule-candidate-00258,bridgeport-scenario-0024,NX3,Mixed Residential,maximum_height_stories,".5, 3, or 3.5 stories in h",3.5,stories,,stories,,general_rule_candidate,,59,,,,,".5, 3, or 3.5 stories in h",,normal,n/a,"[""(\\d+(?:\\.\\d+)?)\\s*(?:to\\s*\\d+(?:\\.\\d+)?\\s*)?stor(?:y|ies)""]",0.8625,0.65,qualitative_only,"tight regex found a real story-count value, but the source text is a conditional list (e.g. '2, 2.5, or 3 stories'); only one list member was captured, so this is not reported as one confirmed number",structurally_non_equivalent,"a stories-only standard is not directly comparable to Greenwich's feet-only height without an explicit legal stories-to-feet conversion, which this code does not provide"
bridgeport-rule-candidate-00269,bridgeport-scenario-0025,NX4,Mixed Residential,maximum_height_stories,".5, 3, or 3.5 stories in h",3.5,stories,,stories,,general_rule_candidate,,59,,,,,".5, 3, or 3.5 stories in h",,normal,n/a,"[""(\\d+(?:\\.\\d+)?)\\s*(?:to\\s*\\d+(?:\\.\\d+)?\\s*)?stor(?:y|ies)""]",0.8625,0.65,qualitative_only,"tight regex found a real story-count value, but the source text is a conditional list (e.g. '2, 2.5, or 3 stories'); only one list member was captured, so this is not reported as one confirmed number",structurally_non_equivalent,"a stories-only standard is not directly comparable to Greenwich's feet-only height without an explicit legal stories-to-feet conversion, which this code does not provide"
bridgeport-rule-candidate-00280,bridgeport-scenario-0026,RX2,Residential-Office Centers,maximum_height_stories,".5, 3, or 3.5 stories in h",3.5,stories,,stories,,general_rule_candidate,,59,,,,,".5, 3, or 3.5 stories in h",,normal,n/a,"[""(\\d+(?:\\.\\d+)?)\\s*(?:to\\s*\\d+(?:\\.\\d+)?\\s*)?stor(?:y|ies)""]",0.8625,0.65,qualitative_only,"tight regex found a real story-count value, but the source text is a conditional list (e.g. '2, 2.5, or 3 stories'); only one list member was captured, so this is not reported as one confirmed number",structurally_non_equivalent,"a stories-only standard is not directly comparable to Greenwich's feet-only height without an explicit legal stories-to-feet conversion, which this code does not provide"
bridgeport-rule-candidate-00291,bridgeport-scenario-0027,NX1,Neighborhood Mix,maximum_height_stories,are 2 and 2.5 stories in h,2.5,stories,,stories,,general_rule_candidate,,67,,,,,are 2 and 2.5 stories in h,,normal,n/a,"[""(\\d+(?:\\.\\d+)?)\\s*(?:to\\s*\\d+(?:\\.\\d+)?\\s*)?stor(?:y|ies)""]",0.8625,0.65,qualitative_only,"tight regex found a real story-count value, but the source text is a conditional list (e.g. '2, 2.5, or 3 stories'); only one list member was captured, so this is not reported as one confirmed number",structurally_non_equivalent,"a stories-only standard is not directly comparable to Greenwich's feet-only height without an explicit legal stories-to-feet conversion, which this code does not provide"
bridgeport-rule-candidate-00302,bridgeport-scenario-0028,N1,Neighborhood: Traditional,maximum_height_stories, are 2 or 2.5 stories in h,2.5,stories,,stories,,general_rule_candidate,,75,,,,, are 2 or 2.5 stories in h,,normal,n/a,"[""(\\d+(?:\\.\\d+)?)\\s*(?:to\\s*\\d+(?:\\.\\d+)?\\s*)?stor(?:y|ies)""]",0.8625,0.65,qualitative_only,"tight regex found a real story-count value, but the source text is a conditional list (e.g. '2, 2.5, or 3 stories'); only one list member was captured, so this is not reported as one confirmed number",structurally_non_equivalent,"a stories-only standard is not directly comparable to Greenwich's feet-only height without an explicit legal stories-to-feet conversion, which this code does not provide"
bridgeport-rule-candidate-00313,bridgeport-scenario-0029,NX1,Neighborhood Mix,maximum_height_stories, are 2 or 2.5 stories in h,2.5,stories,,stories,,general_rule_candidate,,75,,,,, are 2 or 2.5 stories in h,,normal,n/a,"[""(\\d+(?:\\.\\d+)?)\\s*(?:to\\s*\\d+(?:\\.\\d+)?\\s*)?stor(?:y|ies)""]",0.8625,0.65,qualitative_only,"tight regex found a real story-count value, but the source text is a conditional list (e.g. '2, 2.5, or 3 stories'); only one list member was captured, so this is not reported as one confirmed number",structurally_non_equivalent,"a stories-only standard is not directly comparable to Greenwich's feet-only height without an explicit legal stories-to-feet conversion, which this code does not provide"
bridgeport-rule-candidate-00324,bridgeport-scenario-0030,N2,Neighborhood: Mid-Century,maximum_height_stories,", 1.5, or 2 stories in h",2,stories,,stories,,general_rule_candidate,,83,,,,,", 1.5, or 2 stories in h",,normal,n/a,"[""(\\d+(?:\\.\\d+)?)\\s*(?:to\\s*\\d+(?:\\.\\d+)?\\s*)?stor(?:y|ies)""]",0.8625,0.65,qualitative_only,"tight regex found a real story-count value, but the source text is a conditional list (e.g. '2, 2.5, or 3 stories'); only one list member was captured, so this is not reported as one confirmed number",structurally_non_equivalent,"a stories-only standard is not directly comparable to Greenwich's feet-only height without an explicit legal stories-to-feet conversion, which this code does not provide"
bridgeport-rule-candidate-00335,bridgeport-scenario-0031,N3,Neighborhood: Large Lot,maximum_height_stories,re 1.5 or 2.5 stories in h,2.5,stories,,stories,,general_rule_candidate,,91,,,,,re 1.5 or 2.5 stories in h,,normal,n/a,"[""(\\d+(?:\\.\\d+)?)\\s*(?:to\\s*\\d+(?:\\.\\d+)?\\s*)?stor(?:y|ies)""]",0.8625,0.65,qualitative_only,"tight regex found a real story-count value, but the source text is a conditional list (e.g. '2, 2.5, or 3 stories'); only one list member was captured, so this is not reported as one confirmed number",structurally_non_equivalent,"a stories-only standard is not directly comparable to Greenwich's feet-only height without an explicit legal stories-to-feet conversion, which this code does not provide"
bridgeport-rule-candidate-00346,bridgeport-scenario-0032,N4,Neighborhood: Suburban,maximum_height_stories,-D Height 1 story min.,1,stories,,stories,,general_rule_candidate,,99,,,,,-D Height 1 story min.,,normal,n/a,"[""(\\d+(?:\\.\\d+)?)\\s*(?:to\\s*\\d+(?:\\.\\d+)?\\s*)?stor(?:y|ies)""]",0.8666666666666667,0.65,qualitative_only,"tight regex found a real story-count value, but the source text is a conditional list (e.g. '2, 2.5, or 3 stories'); only one list member was captured, so this is not reported as one confirmed number",structurally_non_equivalent,"a stories-only standard is not directly comparable to Greenwich's feet-only height without an explicit legal stories-to-feet conversion, which this code does not provide"
bridgeport-rule-candidate-00500,bridgeport-scenario-0046,N4,Neighborhood: Suburban,maximum_height_stories,-D Height 1 story min.,1,stories,,stories,,general_rule_candidate,,99,,,,,-D Height 1 story min.,,normal,n/a,"[""(\\d+(?:\\.\\d+)?)\\s*(?:to\\s*\\d+(?:\\.\\d+)?\\s*)?stor(?:y|ies)""]",0.52,0.65,qualitative_only,"tight regex found a real story-count value, but the source text is a conditional list (e.g. '2, 2.5, or 3 stories'); only one list member was captured, so this is not reported as one confirmed number",structurally_non_equivalent,"a stories-only standard is not directly comparable to Greenwich's feet-only height without an explicit legal stories-to-feet conversion, which this code does not provide"
