rule_id,topic_tags,source_node,page,section,heading,full_source_text,source_confidence,layout_context,table_context,review_status,explicit_codes,zone_families,citywide,building_type_applicability,applicable_district_codes,scope_status
bridgeport-connecticut-afe7c678fa5dfc85-rule-00046,"[""building_form""]",bridgeport-connecticut-afe7c678fa5dfc85-repaired-node-000250,103,3.120.8,3.120.8. PRIMARY & NON-PRIMARY FACADES. See Figure 3.100-E,"3.120.8. PRIMARY & NON-PRIMARY FACADES. See Figure 3.100-E Transparency: Primary Facades 15% min. Measured per story, including any half q stories, visible basement, or towers Non-Primary Facades 10% min. with full-floor height. See 14.20.11 for On primary facades, no bays or 10 ft. wide sections measuring transparency. of any story may be without transparency Building Entrance Location Primary or courtyard facade w Entrance Transition Type Porch or stoop See 6.30 for entrance types. e Ground Story Elevation above Grade Between 12 in. and 30 in. above grade or between r 30 in. and 4 ft. with a visible basement CITY OF BRIDGEPORT CT ADOPTED November 29, 2021 3-89",0.8500000000000001,normal,"[""bridgeport-connecticut-afe7c678fa5dfc85-table-103-02""]",manual_review_required,[],[],False,False,[],ambiguous
bridgeport-connecticut-afe7c678fa5dfc85-rule-00061,"[""permitted_uses""]",bridgeport-connecticut-afe7c678fa5dfc85-repaired-node-000522,154,4.70,4.70 Accessory Uses,"4.70 Accessory Uses 4.60.6 PARKS & OPEN SPACE include accessory retail or wholesale sales areas limited to 3,000 square feet in area. Indoor urban farms are The parks and open space use category includes classified as low-impact manufacturing uses. See 4.50 . recreational, social, or multi-purpose uses associated with public parks, public open spaces, public play fields, public 4.60.7 MINOR UTILITIES or private golf courses, or other outdoor open space or The minor utilities use category includes utilities and recreation areas. It also includes urban agriculture uses, essential public service uses that need to be located in or such as community gardens, outdoor urban farms, and very close to the area where the service is provided. Minor beekeeping. The parks and open space use category utilities generally do not have regular employees at the site includes the following subcategories: and typically have few if any buildings or large structures and no adverse impacts on surrounding areas. Typical uses A. Community Garden. An area of land managed and include water and sewer pump stations; gas regulating maintained by a public or non-profit organization or a stations; underground electric distribution substations; group of individuals to grow and harvest food crops electric distribution lines and transformers; water conveyance and/or ornamental crops, such as flowers, for personal systems; stormwater storage and conveyance systems; and or group use, consumption, or donation. Community emergency communication warning/broadcast facilities. gardens may be divided into separate plots for cultivation by one or more individuals or may be farmed 4.60.8 MAJOR UTILITIES collectively by members of the group and may include The major utilities use category includes major utility facilities common areas maintained and used by group members. that typically have substantial visual, operational, or land Community gardens may be principal uses or accessory use impacts on nearby areas. Typical uses include water to other public or semi-public uses, such as parks, and wastewater treatment facilities, high-voltage electric schools, community centers, or community assembly substations, regional electrical transmission lines, regional uses. This classification does not include gardens that gas or oil pipelines, and utility-scale power generation are accessory to residential uses when access is limited facilities (including wind, solar and other renewable and to those who reside on the subject property. Sales of nonrenewable energy sources). products produced in association with a community garden is permitted as an accessory use in zones in 4.70 Accessory Uses which retail sales & entertainment uses are allowed. 4.70.1 GENERALLY APPLICABLE REGULATIONS B. Natural Resource Preservation. Undeveloped land left in a natural state for specific use as visual open space A. Accessory Uses Allowed. Accessory uses and or environmental purposes. Typical uses include wildlife structures are allowed only in connection with lawfully or nature preserves, arboretums, flood management established principal uses. Allowed accessory uses are projects and reservoirs. limited to those expressly regulated in this section as well as those that, in the determination of the zoning C. Parks and Recreation. Parks, playgrounds, recreation administrator, satisfy all of the following criteria: facilities, and related open spaces that are open to the general public. This subcategory also includes playing (1) They are customarily found in conjunction with the fields, courts, gymnasiums, swimming pools, picnic subject principal use; facilities, tennis courts, boat docks, and golf courses, as (2) They are subordinate and clearly incidental to the well as related food concessions or clubhouses within principal use of the property; a primary structure or in an accessory structure on the same site. (3) They are operated and maintained under the same ownership or by lessees or concessionair",0.9,multi_column_or_complex,[],manual_review_required,[],[],False,False,[],ambiguous
bridgeport-connecticut-afe7c678fa5dfc85-rule-00070,"[""nonconformity""]",bridgeport-connecticut-afe7c678fa5dfc85-repaired-node-001380,246,9.100,9.100 Nonconforming Signs,"9.100 Nonconforming Signs when viewed from any N-zoned property within a one- half mile radius of the proposed sign location will not 9.100.1 DESCRIPTION eliminate or reduce by more than 25% the view of A nonconforming sign is a sign that was lawfully established significant natural or local features. The planning and but that no longer complies with applicable zoning code zoning commission is authorized to determine what regulations because of the adoption or amendment of constitutes a significant natural or local feature and may regulations after the sign was established. include in such determination recognition of the horizon, the Long Island Sound, harbors, parks, reservoirs, ponds, 9.100.2 REGULATIONS historic buildings, and historic monuments. Nonconforming on-premise signs may continue subject to the following provisions: C. A special permit for an outdoor advertising sign may not be approved if the planning and zoning commission A. Nonconforming on-premise signs must be maintained in determines that the proposed sign in its proposed good repair and safe condition. location when viewed from a distance of 1,500 feet to 2,640 feet from the proposed location, would reduce B. If a sign is nonconforming by reason of restrictions on its by more than 25% the view of significant natural or brightness or illumination or its use of strobe or beacon local features. The planning and zoning commission is lights, the sign must be immediately removed or made authorized to determine what constitutes a significant to conform. Zoning Code CITY OF BRIDGEPORT CT 9-14 C. A temporary sign that is nonconforming by reason of restrictions on number, placement, or length of time that such sign is allowed to remain in place must be immediately removed or made to conform. D. A window sign that is nonconforming by reason of restrictions on its sign area must be immediately removed or made to conform. E. If a nonconforming sign is damaged or partially destroyed to the extent of more than 50% of its replacement cost at the time of damage, the sign must be removed or made to conform to all applicable regulations within 90 days of the date of the date of damage or destruction. F. If a sign is not used for advertising purposes for a period of 180 consecutive days, the sign is deemed abandoned and must be removed. 9.110 Sign-Related Measurements 9.110.1 SIGN AREA A. Signs Enclosed in Frames or Cabinets. The area of a sign enclosed in a frame, box or cabinet is determined based on the outer dimensions of the frame or cabinet surrounding the sign face. B. Channel (Individual) Letter Signs. The area of a sign comprised of individual letters or elements attached directly to a building wall is determined by calculating Figure 9-E. Channel Letter Sign Measurement Figure 9-G. Multi-Sided Sign Measurement ADOPTED November 29, 2021 9.0 Signs 9.10 Sign-Related Measurements the area of the smallest rectangle that can be drawn around the letters or elements. C. Non-Planar Signs. Spherical, free-form, sculptural or other non-planar sign area is measured as 50% of the sum of the areas using only the 4 vertical sides of the smallest four-sided rectangle that will encompass the sign structure. D. Multi-Sided Signs. Unless otherwise expressly stated, when the sign faces of a multi-sided sign are parallel or within 30 degrees of parallel, only one side is counted for the purpose of determining the area and number of signs. If the sign faces are not parallel or within 30 degrees of parallel, each sign face is counted as a separate sign. If the size of one sign face is larger than another, the size of the largest sign face is the area of the sign. 9.110.2 SIGN HEIGHT The height of a sign is measured as the vertical distance from ground level to the top of the sign. The sign height includes the sign base. Figure 9-F. Non-Planar Sign Measurement CITY OF BRIDGEPORT CT 9-15 9.0 Signs 9.10 Sign-Related Measurements 9.110.3 SETBACK AND SEPARATION DISTANCES that: (1) abuts, paral",0.9,multi_column_or_complex,[],manual_review_required,[],[],False,False,[],ambiguous
bridgeport-connecticut-afe7c678fa5dfc85-rule-00071,"[""site_plan_review""]",bridgeport-connecticut-afe7c678fa5dfc85-repaired-node-001421,251,10.30.3,10.30.3 SITE PLAN REVIEW STANDARDS,"10.30.3 SITE PLAN REVIEW STANDARDS C. Phasing Plan. When development is proposed to be undertaken in stages, the applicant must submit In reviewing telecommunications site plan applications, a phasing plan indicating the extent of development the planning and zoning commission must take into proposed for each phase. consideration the goals and policies of the master plan of conservation and development; the health, safety, general D. Additional Information. The following may also be welfare and convenience of the public in general, and required at the discretion of the planning and zoning of the residents of the neighborhood in particular; any commission: environmental impacts the proposed installation would have on Long Island Sound; and the maintenance of property (1) Survey. A class A-2 survey of the property, values. In its review, the planning and zoning commission improvements and easements. may require a modification or attach reasonable conditions and safeguards as a precondition to approval of a site plan. (2) Architectural Plans. Preliminary architectural The planning and zoning commission must consider the plans, sections and/or elevations of 1/8 inch = 1 foot following specific standards and objectives: showing exterior wall elevations, roof lines, facade materials or other features of proposed buildings or A. Public Convenience and Necessity. That the structures. telecommunications antennas and associated equipment are necessary to provide telecommunication services to the residents and businesses of the city. CITY OF BRIDGEPORT CT ADOPTED November 29, 2021 10-3 10.0 Supplemental Use & Development Regulations 10.10 Telecommunications Facilities B. Design. The design requirements as set forth below: (c) Small cell facilities may not be mounted on school buildings or care facilities for older (1) Walls, Fences and Hedges. The location, height, adults. design and materials of walls, fences, hedges, and plantings must be appropriate to the vicinity and (d) When located within a local historic district, must suitably screen the proposed installations or within 500 feet of a designated historic and other such features. Such landscaping must building or site, small cell facilities must be first be appropriate to the general surroundings and be reviewed by the historic district commission, consider the proximity and nature of abutting uses whether it is on private property, public and the level of use of adjoining public streets and property or within the right-of-way. walkways. (e) When installed in street rights-of-way, small cell (2) Landscaping. In addition to requirements for facilities must comply with the city's Complete minimum landscaped areas, all undeveloped areas, Streets Manual . exclusive of undisturbed natural areas, must be C. Environmental and Other Impacts suitably landscaped. (1) EMF Emissions. Verification must be submitted that (3) Condition of Improvements. All buildings and the combined total impact of all telecommunication grounds and other structures must be maintained antennas and equipment at this location are within in good repair and in safe, clean, and sanitary the guidelines established by the FCC for EMF condition. All improvements must be suitably emissions. landscaped and must thereafter be maintained in accordance with an agreement to be made part of (2) Construction Controls. Soil erosion, sedimentation the application of record. and the release of excessive dust must be controlled through implementation of suitable short- (4) Federal Aviation Requirements. Verification as term controls in accordance with the standards and to whether or not the proposed structure will be procedures of the city's stormwater management in a clear zone and a light will be required by the regulations. regulations of the Federal Aviation Administration. (3) Preservation of Natural Features. Site design (5) Small Cell Facilities. In addition to the general and development must seek to preserve existing teleco",0.8500000000000001,multi_column_or_complex,[],manual_review_required,[],[],False,False,[],ambiguous
bridgeport-connecticut-afe7c678fa5dfc85-rule-00072,"[""special_permits""]",bridgeport-connecticut-afe7c678fa5dfc85-repaired-node-001580,264,11.50,11.50 Special Permits,"11.50 Special Permits 11.50.4 NOTICE OF HEARING A. Whether the proposed zoning map amendment is in conformity with the comprehensive plan; and A. Notice of the planning and zoning commission’s required public hearing on the special permit application B. Whether the proposed zoning map amendment corrects must be published in the newspaper in accordance with an error or inconsistency or will help meet the challenge 11.10.6 . of a changed or changing condition. B. Notice of the planning and zoning commission’s 11.40.8 EFFECTIVE DATE required public hearing on a special permit application Unless otherwise provided by the planning and zoning must be emailed to the president of the NRZ within commission at the time of approval, any approved which the subject property is located in accordance with zoning map amendment becomes effective 10 days 11.10.6 . following publication of notice of the planning and zoning commission's action, including notice of the effective date of C. If the special permit application affects property the amendment, in a newspaper of substantial circulation in located within 500 feet of the boundary of an adjoining the city, provided a copy of the amendment is filed in the city municipality or will otherwise result in traffic, sewer, clerk's office. Pursuant to section 8-3 of the General Statutes, drainage, or stormwater runoff impacts to the adjoining the planning and zoning commission must cause notice of municipality, as defined in section 8-7d(f) of the General action to be published within 15 days of the date of its final Statutes, notice must be provided to the clerk of the decision. If this required notice is not published within 15 adjoining municipality in accordance with 11.10.6 . days of the date of the planning and zoning commission’s D. The applicant must provide mailed notice to all owners final decision, the applicant may provide for the publication of property located within 100 feet of the subject of required notice within 10 days thereafter. property in accordance with 11.10.6 . 11.40.9 SUCCESSIVE APPLICATIONS 11.50.5 HEARING AND FINAL ACTION The planning and zoning commission is authorized to A. The planning and zoning commission must hold a decline to consider any application relating to the same public hearing on the application and, following the zoning map amendment or substantially the same zoning close of the hearing, act to approve the special permit map amendment for 12 months from the date of denial of the application, approve the special permit application with previous amendment request. conditions or deny the special permit application. 11.40.10 APPEALS B. The reasons for the final decision of the planning and A party aggrieved by a decision of the planning and zoning zoning commission and for any conditions imposed must commission may file an appeal of the decision with the be stated in writing. Superior Court in accordance with section 8-9 of the General Statutes. C. Special permit applications may be approved by a simple majority vote of the planning and zoning 11.50 Special Permits commission. 11.50.1 GENERAL 11.50.6 REVIEW AND APPROVAL CRITERIA Special permit approval is required whenever a requirement A. General. In order to approve a special permit for such approval is expressly stated by the provisions of this application, the planning and zoning commission must zoning code. Applications of special permit approval must be make the following findings on the record: processed in accordance with the special permit procedures (1) The proposed special permit use and of this section. accompanying site plan are consistent with and 11.50.2 PREAPPLICATION REVIEW implement the objectives and policies of the master Preapplication review is required in accordance with 11.20 plan of conservation and development; before filing a special permit application. (2) The proposed special permit use and 11.50.3 INITIATION accompanying site plan complies with all applicable Special permit appl",0.9,multi_column_or_complex,[],manual_review_required,[],[],False,False,[],ambiguous
bridgeport-connecticut-afe7c678fa5dfc85-rule-00073,"[""approval_procedures""]",bridgeport-connecticut-afe7c678fa5dfc85-repaired-node-001792,280,12.30.8,12.30.8 ENFORCEMENT PROCEDURES,"12.30.8 ENFORCEMENT PROCEDURES A. General. The zoning official is authorized to cause any building, structure, place, or premises to be inspected and examined, and may order in writing the remedying of any condition found to be in violation of any provisions of this zoning code. Any deviation from any permit or approval issued pursuant to this zoning code, or any violation of this zoning code constitutes sufficient cause for the zoning official to issue a notice of violation, stop work order, or a cease and desist order. Zoning Code CITY OF BRIDGEPORT CT 12-4",0.8500000000000001,multi_column_or_complex,[],manual_review_required,[],[],False,False,[],ambiguous
bridgeport-connecticut-afe7c678fa5dfc85-rule-00074,"[""nonconformity""]",bridgeport-connecticut-afe7c678fa5dfc85-repaired-node-001798,282,13.20,13.20 Nonconforming Lots,"13.20 Nonconforming Lots to the text of the zoning code). The regulations of this article are intended to clarify the effect of this “nonconforming” 13.20.1 DESCRIPTION status and avoid confusion with “illegal” uses and activities A nonconforming lot is a lawfully created lot that does (i.e., those established in violation of applicable zoning not comply with currently applicable minimum lot area or regulations). The regulations of this article are also intended minimum lot width regulations of the zone in which the lot is to: located. A. Recognize the interests of landowners in continuing 13.20.2 USE OF NONCONFORMING LOTS to use their property for uses and activities that were A nonconforming lot may be used in accordance with the lawfully established; use regulations of the subject zone, and buildings may be B. Promote maintenance, reuse, and rehabilitation of erected on such a nonconforming lot, subject to compliance existing buildings; and with all other applicable regulations of this zoning code. C. Place reasonable limits on nonconformities that have the",0.9,multi_column_or_complex,[],manual_review_required,[],[],False,False,[],ambiguous
bridgeport-connecticut-afe7c678fa5dfc85-rule-00075,"[""nonconformity""]",bridgeport-connecticut-afe7c678fa5dfc85-repaired-node-001800,282,13.20.2,13.20.2 USE OF NONCONFORMING LOTS,"13.20.2 USE OF NONCONFORMING LOTS to use their property for uses and activities that were A nonconforming lot may be used in accordance with the lawfully established; use regulations of the subject zone, and buildings may be B. Promote maintenance, reuse, and rehabilitation of erected on such a nonconforming lot, subject to compliance existing buildings; and with all other applicable regulations of this zoning code. C. Place reasonable limits on nonconformities that have the",0.8500000000000001,multi_column_or_complex,[],manual_review_required,[],[],False,False,[],ambiguous
bridgeport-connecticut-afe7c678fa5dfc85-rule-00076,"[""nonconformity""]",bridgeport-connecticut-afe7c678fa5dfc85-repaired-node-001803,282,13.30,13.30 Nonconforming Uses,"13.30 Nonconforming Uses potential to adversely affect surrounding properties. 13.30.1 DESCRIPTION 13.10.3 AUTHORITY TO CONTINUE A nonconforming use is a land use that was lawfully Any nonconformity that existed on the effective established in accordance with all zoning regulations in date specified in 1.10.3 or any situation that becomes effect at the time of its establishment but that is no longer nonconforming upon adoption of any amendment to this allowed by the use regulations of the zone in which the zoning code may be continued in accordance with the use is now located. Lawfully established uses that do not regulations of this article unless otherwise expressly stated. comply with any applicable separation (or spacing) distance 13.10.4 DETERMINATION OF STATUS requirements (e.g., those that require one land use to be located a certain minimum distance from another zone or A. The burden of proving that a situation has land use) are also deemed to be nonconforming uses. nonconforming status rests entirely with the subject landowner. 13.30.2 CHANGE OF USE A nonconforming use may be changed to another use only B. The zoning official is authorized to determine whether if the new (changed) use is allowed in the subject zone and adequate proof of nonconforming status has been the property owner voluntarily discontinues the previous use provided by the subject landowner. and indicates in writing an intent to abandon the previous C. Appeals of the zoning official’s decision on use. Once a property owner voluntary discontinues and nonconforming status determinations may be appealed indicates, in writing, their intent to abandon such use, the in accordance with the appeal procedures of 11.140 . nonconforming use may not be re-established. 13.10.5 REPAIRS AND MAINTENANCE A. Nonconformities must be maintained to be safe and in good repair. Zoning Code CITY OF BRIDGEPORT CT 13-2 13.30.3 EXPANSION OF USE A nonconforming use and a building occupied by a nonconforming use may not be expanded, except that: A. A nonconforming residential use in an N or NX zone may be extended to any part of a structure or lot devoted to such use, provided that the extension of nonconforming use does not create an additional nonconformity or additional residential units; and B. Any structure devoted to or containing a nonconforming residential use in an N or NX zone may be structurally altered, improved and enlarged by up to 25% of the structure's existing floor area, provided that the structure, as expanded, complies with all applicable building/ structure siting and height regulations of the zone. 13.30.4 REMODELING AND IMPROVEMENTS A building in which a nonconforming use is located may be remodeled or otherwise improved as long as the remodeling or improvements do not violate other applicable regulations of this zoning code. 13.30.5 MOVEMENT A nonconforming use may be moved in whole or in part to another location on the same lot only if the movement or relocation does not create additional or new nonconformities. 13.30.6 LOSS OF NONCONFORMING STATUS Once a property owner voluntarily abandons a nonconforming use, as evidenced by a written statement of intent to not re-establish the use, the use loses its nonconforming status and any new, replacement use must comply with the regulations of the zone in which it is located. 13.30.7 RE-ESTABLISHMENT Unless a property owner voluntarily abandons a nonconforming use, as evidenced by a written statement of intent to not re-establish the use, the use may be re-established after dormancy, discontinuance, damage, or destruction, provided that no new nonconformities are created and the existing degree of nonconformity is not increased. 13.30.8 CERTIFICATE OF ZONING COMPLIANCE A certificate of zoning compliance must be obtained before any: A. Expansion, enlargement or change of a nonconforming use; or B. Expansion or enlargement of a building occupied by a nonconforming use. ADOPTED November 29, 2021 13.0 Nonconformit",0.9,multi_column_or_complex,[],manual_review_required,[],[],False,False,[],ambiguous
bridgeport-connecticut-afe7c678fa5dfc85-rule-00077,"[""nonconformity""]",bridgeport-connecticut-afe7c678fa5dfc85-repaired-node-001814,283,13.30.6,13.30.6 LOSS OF NONCONFORMING STATUS,"13.30.6 LOSS OF NONCONFORMING STATUS Once a property owner voluntarily abandons a nonconforming use, as evidenced by a written statement of intent to not re-establish the use, the use loses its nonconforming status and any new, replacement use must comply with the regulations of the zone in which it is located. 13.30.7 RE-ESTABLISHMENT Unless a property owner voluntarily abandons a nonconforming use, as evidenced by a written statement of intent to not re-establish the use, the use may be re-established after dormancy, discontinuance, damage, or destruction, provided that no new nonconformities are created and the existing degree of nonconformity is not increased.",0.8500000000000001,normal,[],manual_review_required,[],[],False,False,[],ambiguous
bridgeport-connecticut-afe7c678fa5dfc85-rule-00078,"[""nonconformity""]",bridgeport-connecticut-afe7c678fa5dfc85-repaired-node-001818,283,13.40,13.40 Nonconforming Structures,"13.40 Nonconforming Structures 13.40 Nonconforming Structures 13.40.1 DESCRIPTION A nonconforming structure is any building or structure, other than a sign, that was lawfully established but no longer complies with applicable building/structure siting and height regulations of the zone in which it is located. 13.40.2 GENERAL Nonconforming structures may remain, subject to the regulations of this section. 13.40.3 ALTERATIONS AND EXPANSIONS Alterations, including enlargements and expansions, are prohibited unless the proposed alteration or expansion complies with all applicable building siting and height regulations, and does not increase the extent of the existing nonconformity. A building with a nonconforming side setback, for example, may be expanded to the rear as long as the expansion complies with applicable rear setbacks and all other building siting and height regulations. On the other hand, building additions on the side, may not increase or extend the side setback nonconformity. 13.40.4 USE A nonconforming structure may be used for any use allowed in the zone in which the structure is located. 13.40.5 MOVEMENT A nonconforming structure may be moved to another location on the lot only if the movement or relocation eliminates or reduces the extent of nonconformity. 13.40.6 RE-ESTABLISHMENT Unless a property owner voluntarily abandons a nonconforming structure, as evidenced by a written statement of intent to not re-establish the structure, the structure may be completely re-established after damage or destruction, provided that: A. No new nonconformities are created; B. The floor area, ground coverage, and overall height of the structure, as it previously existed, is not expanded unless such expansion complies with all applicable zoning regulations; and C. All construction complies with applicable requirements of the Connecticut Basic Building Code. 13.40.7 CERTIFICATES OF ZONING COMPLIANCE A certificate of zoning compliance must be obtained before any expansion, enlargement, movement, or re-establishment of a nonconforming structure. CITY OF BRIDGEPORT CT 13-3 Nonconformities",0.9,normal,[],manual_review_required,[],[],False,False,[],ambiguous
bridgeport-connecticut-afe7c678fa5dfc85-rule-00079,"[""nonconformity""]",bridgeport-connecticut-afe7c678fa5dfc85-repaired-node-001826,284,13.50,13.50 Nonconforming Signs,"13.50 Nonconforming Signs 13.50 Nonconforming Signs See 9.0 , signs article.",0.9,normal,[],manual_review_required,[],[],False,False,[],ambiguous
bridgeport-connecticut-afe7c678fa5dfc85-rule-00080,"[""nonconformity""]",bridgeport-connecticut-afe7c678fa5dfc85-repaired-node-001827,284,13.60,13.60 Other Nonconformities,"13.60 Other Nonconformities 13.60.1 DESCRIPTION A nonconforming development feature is any aspect of a development—other than a nonconforming lot, nonconforming use, nonconforming structure, or nonconforming sign—that was lawfully established, in accordance with zoning regulations in effect at the time of its establishment but that no longer complies with one or more regulations of this zoning code. One common example is a site that does not comply with current landscaping or screening requirements. 13.60.2 GENERAL Nonconforming development features may remain, but the nature and extent of nonconforming site features may not be increased except as otherwise expressly stated in this zoning code. Zoning Code CITY OF BRIDGEPORT CT 13-4",0.9,normal,[],manual_review_required,[],[],False,False,[],ambiguous
