variable_id,candidate_found_needs_manual_review,confirmed_governing_rule,confirmed_qualitative_rule,genuine_absence_after_targeted_search,not_applicable_to_analysis_unit,pending_visual_recovery,structurally_non_equivalent_rule_present,unresolved_scope_or_cross_reference
V1,0,3,0,0,0,3,0,0
V10,0,0,0,25,0,0,0,0
V11,0,0,25,0,0,0,0,0
V12,24,1,0,0,0,0,0,0
V2,0,29,0,0,11,3,0,0
V3,0,39,0,40,0,3,0,0
V4,0,39,0,0,1,3,0,0
V5,0,129,0,0,0,14,28,0
V6,0,0,2,0,0,3,0,0
V7,0,1,0,0,0,3,0,1
V8,0,2,0,0,0,3,0,0
V9,0,0,25,0,0,0,0,0
