page_number,heading_count,mean_heading_confidence
1,0.0,0.0
2,0.0,0.0
3,0.0,0.0
4,38.0,0.9
5,42.0,0.9000000000000001
6,34.0,0.9000000000000001
7,41.0,0.9000000000000001
8,32.0,0.9000000000000001
9,35.0,0.9000000000000001
10,11.0,0.9000000000000002
11,0.0,0.0
12,17.0,0.8676470588235295
13,4.0,0.9375
14,5.0,0.9100000000000001
15,0.0,0.0
16,11.0,0.8727272727272729
17,8.0,0.8812500000000001
18,5.0,0.8600000000000001
19,10.0,0.8550000000000001
20,9.0,0.8555555555555556
21,5.0,0.9
22,4.0,0.8625
23,8.0,0.8562500000000001
24,4.0,0.8625
25,4.0,0.8625
26,7.0,0.8571428571428573
27,3.0,0.8666666666666668
28,8.0,0.8562500000000001
29,8.0,0.8562500000000001
30,7.0,0.9000000000000001
31,11.0,0.9090909090909091
32,18.0,0.8861111111111112
33,21.0,0.8761904761904763
34,15.0,0.8733333333333334
35,7.0,0.8642857142857144
36,16.0,0.8531250000000001
37,18.0,0.8555555555555556
38,13.0,0.8923076923076925
39,22.0,0.8522727272727274
40,20.0,0.8875
41,24.0,0.8583333333333334
42,18.0,0.8916666666666667
43,15.0,0.8933333333333334
44,12.0,0.8916666666666667
45,0.0,0.0
46,17.0,0.873529411764706
47,11.0,0.890909090909091
48,9.0,0.938888888888889
49,7.0,0.9071428571428573
50,16.0,0.8875000000000001
51,15.0,0.8733333333333334
52,15.0,0.8866666666666667
53,3.0,0.8666666666666668
54,0.0,0.0
55,14.0,0.7642857142857143
56,17.0,0.7647058823529412
57,5.0,0.7500000000000001
58,0.0,0.0
59,13.0,0.7461538461538463
60,16.0,0.753125
61,13.0,0.7807692307692308
62,20.0,0.7550000000000001
63,8.0,0.7812500000000001
64,0.0,0.0
65,15.0,0.7433333333333335
66,9.0,0.8000000000000002
67,12.0,0.7541666666666668
68,8.0,0.76875
69,18.0,0.7527777777777779
70,19.0,0.7605263157894737
71,4.0,0.7875000000000001
72,0.0,0.0
73,18.0,0.7500000000000001
74,22.0,0.75
75,7.0,0.7071428571428572
76,0.0,0.0
77,12.0,0.8875000000000001
78,20.0,0.8525
79,13.0,0.8538461538461539
80,21.0,0.8523809523809525
81,13.0,0.8846153846153848
82,24.0,0.8666666666666667
83,9.0,0.9055555555555556
84,22.0,0.8886363636363637
85,20.0,0.8775000000000001
86,15.0,0.8766666666666668
87,3.0,0.8666666666666668
88,5.0,0.8600000000000001
89,5.0,0.9100000000000001
90,2.0,0.8750000000000001
91,3.0,0.8833333333333334
92,2.0,0.8750000000000001
93,3.0,0.8666666666666668
94,3.0,0.8666666666666668
95,2.0,0.8750000000000001
96,6.0,0.9166666666666666
97,16.0,0.9031250000000002
98,7.0,0.9214285714285716
99,9.0,0.9722222222222222
100,5.0,0.9100000000000001
101,11.0,0.940909090909091
102,10.0,0.915
103,9.0,0.9166666666666666
104,10.0,0.9100000000000001
105,21.0,0.8904761904761906
106,19.0,0.9157894736842106
107,20.0,0.9325000000000001
108,23.0,0.923913043478261
109,23.0,0.8695652173913045
110,11.0,0.8545454545454546
111,9.0,0.8555555555555556
112,11.0,0.8545454545454546
113,18.0,0.8833333333333334
114,15.0,0.8966666666666668
115,21.0,0.8857142857142858
116,13.0,0.8923076923076925
117,12.0,0.9041666666666668
118,12.0,0.8791666666666668
119,17.0,0.8911764705882355
120,12.0,0.8875000000000002
121,21.0,0.8976190476190476
122,14.0,0.892857142857143
123,12.0,0.8958333333333335
124,11.0,0.8954545454545456
125,16.0,0.878125
126,17.0,0.8529411764705883
127,18.0,0.8777777777777779
128,15.0,0.8966666666666668
129,14.0,0.867857142857143
130,20.0,0.8600000000000001
131,11.0,0.8954545454545456
132,10.0,0.925
133,11.0,0.9318181818181818
134,7.0,0.892857142857143
135,15.0,0.9233333333333335
136,13.0,0.8884615384615385
137,23.0,0.8978260869565219
138,18.0,0.8944444444444445
139,14.0,0.9035714285714287
140,4.0,0.9375
141,1.0,1.0
142,11.0,0.9318181818181818
143,5.0,0.9600000000000002
144,18.0,0.8805555555555556
145,11.0,0.9227272727272727
146,7.0,0.8857142857142859
147,12.0,0.9166666666666669
148,10.0,0.8950000000000001
149,10.0,0.93
150,20.0,0.8675
151,14.0,0.8535714285714286
152,12.0,0.8541666666666669
153,11.0,0.8545454545454546
154,10.0,0.8550000000000001
155,8.0,0.8625
156,10.0,0.8550000000000001
157,10.0,0.8700000000000001
158,2.0,0.8750000000000001
159,17.0,0.8676470588235295
160,12.0,0.9041666666666668
161,6.0,0.8583333333333334
162,11.0,0.890909090909091
163,17.0,0.873529411764706
164,21.0,0.8833333333333334
165,17.0,0.8882352941176471
166,4.0,0.9375
167,5.0,0.8600000000000001
168,2.0,0.8750000000000001
169,2.0,0.8750000000000001
170,6.0,0.8583333333333334
171,10.0,0.8550000000000001
172,3.0,0.8666666666666668
173,7.0,0.8571428571428573
174,13.0,0.8538461538461539
175,2.0,0.8750000000000001
176,17.0,0.8529411764705883
177,6.0,0.8583333333333334
178,5.0,0.8600000000000001
179,9.0,0.8555555555555556
180,15.0,0.8533333333333334
181,9.0,0.9000000000000001
182,0.0,0.0
183,9.0,0.7555555555555556
184,10.0,0.7050000000000001
185,4.0,0.7875000000000001
186,0.0,0.0
187,13.0,0.776923076923077
188,10.0,0.7450000000000001
189,7.0,0.7857142857142858
190,0.0,0.0
191,18.0,0.7555555555555556
192,6.0,0.7416666666666668
193,9.0,0.9166666666666666
194,19.0,0.8921052631578948
195,9.0,0.8611111111111112
196,3.0,0.8666666666666668
197,4.0,0.8625
198,5.0,0.8800000000000001
199,9.0,0.9277777777777779
200,11.0,0.9136363636363637
201,4.0,0.8875000000000002
202,12.0,0.8875000000000002
203,14.0,0.8607142857142858
204,12.0,0.8666666666666667
205,8.0,0.8687500000000001
206,9.0,0.8555555555555556
207,9.0,0.8555555555555556
208,14.0,0.9000000000000001
209,20.0,0.89
210,10.0,0.9450000000000001
211,8.0,0.9125000000000001
212,16.0,0.9156250000000001
213,8.0,0.9062500000000001
214,20.0,0.9100000000000001
215,4.0,0.8750000000000001
216,8.0,0.9062500000000001
217,4.0,0.9125000000000001
218,0.0,0.0
219,16.0,0.7656250000000001
220,9.0,0.7777777777777779
221,16.0,0.7656250000000001
222,8.0,0.7812500000000001
223,9.0,0.8000000000000002
224,8.0,0.7812500000000001
225,12.0,0.7958333333333334
226,0.0,0.0
227,16.0,0.9218750000000001
228,0.0,0.0
229,5.0,0.7600000000000001
230,0.0,0.0
231,8.0,0.76875
232,0.0,0.0
233,8.0,0.7500000000000001
234,17.0,0.7382352941176471
235,4.0,0.7375
236,6.0,0.7083333333333334
237,3.0,0.7666666666666667
238,2.0,0.7250000000000001
239,0.0,0.0
240,2.0,0.7000000000000001
241,0.0,0.0
242,0.0,0.0
243,0.0,0.0
244,0.0,0.0
245,0.0,0.0
246,0.0,0.0
247,1.0,0.9000000000000001
248,0.0,0.0
249,0.0,0.0
250,0.0,0.0
251,0.0,0.0
252,0.0,0.0
253,0.0,0.0
254,0.0,0.0
255,0.0,0.0
256,0.0,0.0
257,0.0,0.0
258,1.0,0.8500000000000001
259,0.0,0.0
260,1.0,0.8500000000000001
261,0.0,0.0
262,0.0,0.0
263,0.0,0.0
264,0.0,0.0
265,0.0,0.0
266,0.0,0.0
267,0.0,0.0
268,0.0,0.0
269,0.0,0.0
270,1.0,0.9000000000000001
271,6.0,0.9
272,23.0,0.9086956521739131
273,14.0,0.9071428571428573
274,2.0,0.9000000000000001
275,4.0,0.8500000000000001
276,0.0,0.0
277,1.0,0.8500000000000001
278,1.0,0.8500000000000001
279,1.0,0.9000000000000001
280,5.0,0.9200000000000002
281,0.0,0.0
282,0.0,0.0
283,0.0,0.0
284,1.0,0.9000000000000001
285,1.0,0.8500000000000001
286,0.0,0.0
287,1.0,0.9000000000000001
288,0.0,0.0
289,0.0,0.0
290,0.0,0.0
291,2.0,0.8750000000000001
292,0.0,0.0
293,1.0,0.8500000000000001
294,0.0,0.0
295,1.0,0.8500000000000001
296,2.0,0.8500000000000001
297,1.0,0.9000000000000001
298,2.0,0.8500000000000001
299,0.0,0.0
300,2.0,0.8750000000000001
301,0.0,0.0
302,1.0,0.8500000000000001
303,1.0,0.8500000000000001
304,0.0,0.0
305,2.0,0.8500000000000001
306,1.0,0.8500000000000001
307,0.0,0.0
308,0.0,0.0
309,1.0,0.8500000000000001
310,0.0,0.0
311,0.0,0.0
312,0.0,0.0
313,0.0,0.0
