district_code,table_title,matched_row_label,,ACCESSORY STRUCTURES IN REAR AND SIDE YARDS,ACCESSORY STRUCTURES IN REAR YARDS,FLOOR AREA RATIO (F.A.R.) as of 05-06-02,LOT SHAPE,MAX. LOT COVERAGE (2/9/2000),MAXIMUM BUILDING AREA,MAXIMUM FLOOR AREA RATIO,MAXIMUM HEIGHT,MINIMUM FRONT YARD (DEPTH)3,MINIMUM FRONT YARD DEPTH,MINIMUM LOT SIZE,MINIMUM PERCENT GREEN AREA REQUIREMENTS*,MINIMUM REAR YARD (DEPTH),MINIMUM REAR YARD DEPTH,MINIMUM SIDE YARD (WIDTH),MINIMUM SIDE YARD WIDTH,STREET SIDE YARD (CORNER LOT)2,ZONE
CGB,§6-205,CGB,40 ft.,5ft.,,,,75%,30%*,0.3 ***,3,,10 ft.,Note 1,,,Same as LBR (6/11/86),,3 1/2 feet plus one inch for each foot of building height Note 2 (6/11/86),,CGB
CGBR,§6-205,CGBR,40 ft.,None,,,,75% ****,30%*,0.3 **,3,,10 ft.,Note 1,,,10% of lot depth (6/11/86),,None,,CGBR
GB,§6-205,GB,40 ft.,10 ft.,,,,60% Note 10 (4/4/87),25%,0.5 Note 10 (4/4/87),3 Note 8,,50 ft. Note 3,Note 1,,,10% of lot depth but not less than 30 ft. Note 3,,30 ft. Note 2 (6/11/86) Note 3,,GB
GBO,§6-205,GBO,40 ft.,10 ft.,,,,60% Note 10 (4/4/87),25%,0.5 Note 10 (4/4/87),3 Note 8,,50 ft. Note 3,Note 1,,,10% of lot depth but not less than 30 ft. Note 3,,30 ft. Note 2 (6/11/86) Note 3,,GBO
LB,§6-205,LB,35 ft.,5 ft.,,,,75% Note 10 (4/4/87),30%,0.5 (6/11/86) Note 10 (4/4/87),2-1/2,,25 ft.,Note 1,,,Same as LBR (6/11/86),,"5 ft. per story or 10% of lot frontage or lot width at bldg. location, which ever is greater. Note 2 (6/11/86)",,LB
R-12,§6-205,R-12 (Single family),35 ft.,,5 ft.,.315,Large enough to contain a 60' by 100' rectangle,,,,2-1/2,35 ft.,,"12,000 sq. ft.",55%,35 ft.,,10 ft. Sum of both not less than 25 ft.,,22.5 ft.,R-12 (Single family)
R-20,§6-205,R-20 (Single family),37½ ft.,,10 ft.,.225,Large enough to contain a circle 100 ft. in diameter,,,,2-1/2,40 ft.,,"20,000 sq. ft.",62%,40 ft.,,15 ft. Sum of both not less than 35 ft.,,27.5 ft.,R-20 (Single family)
R-6,§6-205,"R-6 (Single, two family)",35 ft.,,5 ft.,.55,Large enough to contain a 45' by 85' rectangle,,,,2-1/2,25 ft. . See Note 9 below,,"7,500 sq. ft.",35%,25 ft.,,5 ft. Sum of both not less than 15 ft.,,15 ft.,"R-6 (Single, two family)"
R-7,§6-205,R-7 (Single family),35 ft.,,5 ft.,.36,Large enough to contain a 45' by 85' rectangle,,,,2-1/2,25 ft.,,"7,500 sq. ft.",50%,25 ft.,,5 ft. Sum of both not less than 15 ft.,,15 ft.,R-7 (Single family)
RA-1,§6-205,RA-1 (Single family),40 ft.,,15 ft.,.135,Large enough to contain a circle 150 ft. in diameter,,,,2-1/2,50 ft.,,1 Acre,72%,50 ft,,25 ft.,,37.5 ft.,RA-1 (Single family)
RA-2,§6-205,RA-2 (Single family),47½ ft.,,25 ft.,.09 See Note 7 Below,Large enough to contain a circle 200 ft. in diameter,,,,3-1/2,75 ft.,,2 Acres,78%,75 ft.,,35 ft.,,55 ft.,RA-2 (Single family)
RA-4,§6-205,RA-4 (Single family),50 ft.,,35 ft.,.0625 See Note 7 Below,Large enough to contain a circle 300 ft. in diameter,,,,3-1/2,75 ft.,,4 Acres,84%,75 ft.,,50 ft.,,62.5 ft.,RA-4 (Single family)
