field,data_type,null_count,null_rate,unique_values
document_id,str,0,0.0,1
source_token_id,str,0,0.0,125290
text,str,0,0.0,14084
page_number,int64,0,0.0,313
bbox_left,float64,0,0.0,102217
bbox_top,float64,0,0.0,5537
bbox_right,float64,0,0.0,113173
bbox_bottom,float64,0,0.0,5477
bbox_width,float64,0,0.0,35240
bbox_height,float64,0,0.0,776
coordinate_system,str,0,0.0,2
section_number,object,125290,1.0,0
heading_depth,object,125290,1.0,0
table_id,object,125290,1.0,0
extraction_engine,str,0,0.0,2
extraction_method,str,0,0.0,2
extraction_confidence,object,125228,0.9995051480565089,49
route,str,0,0.0,2
selected_stream,str,0,0.0,2
composite_quality_score,float64,0,0.0,308
reconciliation_decision,str,0,0.0,5
reconciliation_review_status,str,0,0.0,4
review_status,str,0,0.0,4
unified_token_id,str,0,0.0,125290
normalized_text_start,int64,0,0.0,125290
normalized_text_end,int64,0,0.0,125290
