district_code,greenwich-connecticut-18417c5e9074d765-general-00001,greenwich-connecticut-18417c5e9074d765-general-00002,greenwich-connecticut-18417c5e9074d765-general-00003,greenwich-connecticut-18417c5e9074d765-general-00004,greenwich-connecticut-18417c5e9074d765-general-00005,greenwich-connecticut-18417c5e9074d765-general-00006,greenwich-connecticut-18417c5e9074d765-general-00007,greenwich-connecticut-18417c5e9074d765-general-00008,greenwich-connecticut-18417c5e9074d765-general-00009,greenwich-connecticut-18417c5e9074d765-general-00010,greenwich-connecticut-18417c5e9074d765-general-00011,greenwich-connecticut-18417c5e9074d765-general-00012,greenwich-connecticut-18417c5e9074d765-general-00013,greenwich-connecticut-18417c5e9074d765-general-00014,greenwich-connecticut-18417c5e9074d765-general-00015,greenwich-connecticut-18417c5e9074d765-general-00016,greenwich-connecticut-18417c5e9074d765-general-00017,greenwich-connecticut-18417c5e9074d765-general-00018,greenwich-connecticut-18417c5e9074d765-general-00019,greenwich-connecticut-18417c5e9074d765-general-00020,greenwich-connecticut-18417c5e9074d765-general-00021,greenwich-connecticut-18417c5e9074d765-general-00022,greenwich-connecticut-18417c5e9074d765-general-00023,greenwich-connecticut-18417c5e9074d765-general-00024,greenwich-connecticut-18417c5e9074d765-general-00025,greenwich-connecticut-18417c5e9074d765-general-00026,greenwich-connecticut-18417c5e9074d765-general-00027,greenwich-connecticut-18417c5e9074d765-general-00028,greenwich-connecticut-18417c5e9074d765-general-00029,greenwich-connecticut-18417c5e9074d765-general-00030,greenwich-connecticut-18417c5e9074d765-general-00031,greenwich-connecticut-18417c5e9074d765-general-00032,greenwich-connecticut-18417c5e9074d765-general-00033,greenwich-connecticut-18417c5e9074d765-general-00034,greenwich-connecticut-18417c5e9074d765-general-00035,greenwich-connecticut-18417c5e9074d765-general-00036,greenwich-connecticut-18417c5e9074d765-general-00037,greenwich-connecticut-18417c5e9074d765-general-00038,greenwich-connecticut-18417c5e9074d765-general-00039,greenwich-connecticut-18417c5e9074d765-general-00040,greenwich-connecticut-18417c5e9074d765-general-00041,greenwich-connecticut-18417c5e9074d765-general-00042,greenwich-connecticut-18417c5e9074d765-general-00043,greenwich-connecticut-18417c5e9074d765-general-00044,greenwich-connecticut-18417c5e9074d765-general-00045,greenwich-connecticut-18417c5e9074d765-general-00046,greenwich-connecticut-18417c5e9074d765-general-00047,greenwich-connecticut-18417c5e9074d765-general-00048,greenwich-connecticut-18417c5e9074d765-general-00049,greenwich-connecticut-18417c5e9074d765-general-00050,greenwich-connecticut-18417c5e9074d765-general-00051,greenwich-connecticut-18417c5e9074d765-general-00052,greenwich-connecticut-18417c5e9074d765-general-00053,greenwich-connecticut-18417c5e9074d765-general-00054,greenwich-connecticut-18417c5e9074d765-general-00055,greenwich-connecticut-18417c5e9074d765-general-00056,greenwich-connecticut-18417c5e9074d765-general-00057,greenwich-connecticut-18417c5e9074d765-general-00058,greenwich-connecticut-18417c5e9074d765-general-00059,greenwich-connecticut-18417c5e9074d765-general-00060,greenwich-connecticut-18417c5e9074d765-general-00061,greenwich-connecticut-18417c5e9074d765-general-00062,greenwich-connecticut-18417c5e9074d765-general-00063,greenwich-connecticut-18417c5e9074d765-general-00064,greenwich-connecticut-18417c5e9074d765-general-00065,greenwich-connecticut-18417c5e9074d765-general-00066,greenwich-connecticut-18417c5e9074d765-general-00067,greenwich-connecticut-18417c5e9074d765-general-00068,greenwich-connecticut-18417c5e9074d765-general-00069,greenwich-connecticut-18417c5e9074d765-general-00070,greenwich-connecticut-18417c5e9074d765-general-00071,greenwich-connecticut-18417c5e9074d765-general-00072,greenwich-connecticut-18417c5e9074d765-general-00073,greenwich-connecticut-18417c5e9074d765-general-00074,greenwich-connecticut-18417c5e9074d765-general-00075,greenwich-connecticut-18417c5e9074d765-general-00076,greenwich-connecticut-18417c5e9074d765-general-00077,greenwich-connecticut-18417c5e9074d765-general-00078,greenwich-connecticut-18417c5e9074d765-general-00079,greenwich-connecticut-18417c5e9074d765-general-00080,greenwich-connecticut-18417c5e9074d765-general-00081,greenwich-connecticut-18417c5e9074d765-general-00082,greenwich-connecticut-18417c5e9074d765-general-00083,greenwich-connecticut-18417c5e9074d765-general-00084,greenwich-connecticut-18417c5e9074d765-general-00085,greenwich-connecticut-18417c5e9074d765-general-00086,greenwich-connecticut-18417c5e9074d765-general-00087,greenwich-connecticut-18417c5e9074d765-general-00088,greenwich-connecticut-18417c5e9074d765-general-00089,greenwich-connecticut-18417c5e9074d765-general-00090,greenwich-connecticut-18417c5e9074d765-general-00091,greenwich-connecticut-18417c5e9074d765-general-00092,greenwich-connecticut-18417c5e9074d765-general-00093,greenwich-connecticut-18417c5e9074d765-general-00094,greenwich-connecticut-18417c5e9074d765-general-00095,greenwich-connecticut-18417c5e9074d765-general-00096,greenwich-connecticut-18417c5e9074d765-general-00097,greenwich-connecticut-18417c5e9074d765-general-00098,greenwich-connecticut-18417c5e9074d765-general-00099,greenwich-connecticut-18417c5e9074d765-general-00100,greenwich-connecticut-18417c5e9074d765-general-00101,greenwich-connecticut-18417c5e9074d765-general-00102,greenwich-connecticut-18417c5e9074d765-general-00103,greenwich-connecticut-18417c5e9074d765-general-00104,greenwich-connecticut-18417c5e9074d765-general-00105,greenwich-connecticut-18417c5e9074d765-general-00106,greenwich-connecticut-18417c5e9074d765-general-00107,greenwich-connecticut-18417c5e9074d765-general-00108,greenwich-connecticut-18417c5e9074d765-general-00109,greenwich-connecticut-18417c5e9074d765-general-00110,greenwich-connecticut-18417c5e9074d765-general-00111,greenwich-connecticut-18417c5e9074d765-general-00112,greenwich-connecticut-18417c5e9074d765-general-00113,greenwich-connecticut-18417c5e9074d765-general-00114,greenwich-connecticut-18417c5e9074d765-general-00115,greenwich-connecticut-18417c5e9074d765-general-00116,greenwich-connecticut-18417c5e9074d765-general-00117,greenwich-connecticut-18417c5e9074d765-general-00118,greenwich-connecticut-18417c5e9074d765-general-00119,greenwich-connecticut-18417c5e9074d765-general-00120,greenwich-connecticut-18417c5e9074d765-general-00121,greenwich-connecticut-18417c5e9074d765-general-00122,greenwich-connecticut-18417c5e9074d765-general-00123,greenwich-connecticut-18417c5e9074d765-general-00124,greenwich-connecticut-18417c5e9074d765-general-00125,greenwich-connecticut-18417c5e9074d765-general-00126,greenwich-connecticut-18417c5e9074d765-general-00127,greenwich-connecticut-18417c5e9074d765-general-00128,greenwich-connecticut-18417c5e9074d765-general-00129,greenwich-connecticut-18417c5e9074d765-general-00130,greenwich-connecticut-18417c5e9074d765-general-00131,greenwich-connecticut-18417c5e9074d765-general-00132,greenwich-connecticut-18417c5e9074d765-general-00133,greenwich-connecticut-18417c5e9074d765-general-00134,greenwich-connecticut-18417c5e9074d765-general-00135,greenwich-connecticut-18417c5e9074d765-general-00136,greenwich-connecticut-18417c5e9074d765-general-00137,greenwich-connecticut-18417c5e9074d765-general-00138,greenwich-connecticut-18417c5e9074d765-general-00139,greenwich-connecticut-18417c5e9074d765-general-00140,greenwich-connecticut-18417c5e9074d765-general-00141,greenwich-connecticut-18417c5e9074d765-general-00142,greenwich-connecticut-18417c5e9074d765-general-00143,greenwich-connecticut-18417c5e9074d765-general-00144,greenwich-connecticut-18417c5e9074d765-general-00145,greenwich-connecticut-18417c5e9074d765-general-00146,greenwich-connecticut-18417c5e9074d765-general-00147,greenwich-connecticut-18417c5e9074d765-general-00148,greenwich-connecticut-18417c5e9074d765-general-00149,greenwich-connecticut-18417c5e9074d765-general-00150,greenwich-connecticut-18417c5e9074d765-general-00151,greenwich-connecticut-18417c5e9074d765-general-00152,greenwich-connecticut-18417c5e9074d765-general-00153,greenwich-connecticut-18417c5e9074d765-general-00154,greenwich-connecticut-18417c5e9074d765-general-00155,greenwich-connecticut-18417c5e9074d765-general-00156,greenwich-connecticut-18417c5e9074d765-general-00157,greenwich-connecticut-18417c5e9074d765-general-00158,greenwich-connecticut-18417c5e9074d765-general-00159,greenwich-connecticut-18417c5e9074d765-general-00160,greenwich-connecticut-18417c5e9074d765-general-00161,greenwich-connecticut-18417c5e9074d765-general-00162,greenwich-connecticut-18417c5e9074d765-general-00163,greenwich-connecticut-18417c5e9074d765-general-00164,greenwich-connecticut-18417c5e9074d765-general-00165,greenwich-connecticut-18417c5e9074d765-general-00166,greenwich-connecticut-18417c5e9074d765-general-00167,greenwich-connecticut-18417c5e9074d765-general-00168,greenwich-connecticut-18417c5e9074d765-general-00169,greenwich-connecticut-18417c5e9074d765-general-00170,greenwich-connecticut-18417c5e9074d765-general-00171,greenwich-connecticut-18417c5e9074d765-general-00172,greenwich-connecticut-18417c5e9074d765-general-00173,greenwich-connecticut-18417c5e9074d765-general-00174,greenwich-connecticut-18417c5e9074d765-general-00175,greenwich-connecticut-18417c5e9074d765-general-00176,greenwich-connecticut-18417c5e9074d765-general-00177,greenwich-connecticut-18417c5e9074d765-general-00178,greenwich-connecticut-18417c5e9074d765-general-00179,greenwich-connecticut-18417c5e9074d765-general-00180,greenwich-connecticut-18417c5e9074d765-general-00181,greenwich-connecticut-18417c5e9074d765-general-00182,greenwich-connecticut-18417c5e9074d765-general-00183,greenwich-connecticut-18417c5e9074d765-general-00184,greenwich-connecticut-18417c5e9074d765-general-00185,greenwich-connecticut-18417c5e9074d765-general-00186,greenwich-connecticut-18417c5e9074d765-general-00187,greenwich-connecticut-18417c5e9074d765-general-00188,greenwich-connecticut-18417c5e9074d765-general-00189,greenwich-connecticut-18417c5e9074d765-general-00190,greenwich-connecticut-18417c5e9074d765-general-00191,greenwich-connecticut-18417c5e9074d765-general-00192,greenwich-connecticut-18417c5e9074d765-general-00193,greenwich-connecticut-18417c5e9074d765-general-00194,greenwich-connecticut-18417c5e9074d765-general-00195,greenwich-connecticut-18417c5e9074d765-general-00196,greenwich-connecticut-18417c5e9074d765-general-00197,greenwich-connecticut-18417c5e9074d765-general-00198,greenwich-connecticut-18417c5e9074d765-general-00199,greenwich-connecticut-18417c5e9074d765-general-00200,greenwich-connecticut-18417c5e9074d765-general-00201,greenwich-connecticut-18417c5e9074d765-general-00202,greenwich-connecticut-18417c5e9074d765-general-00203,greenwich-connecticut-18417c5e9074d765-general-00204,greenwich-connecticut-18417c5e9074d765-general-00205,greenwich-connecticut-18417c5e9074d765-general-00206,greenwich-connecticut-18417c5e9074d765-general-00207,greenwich-connecticut-18417c5e9074d765-general-00208,greenwich-connecticut-18417c5e9074d765-general-00209,greenwich-connecticut-18417c5e9074d765-general-00210,greenwich-connecticut-18417c5e9074d765-general-00211,greenwich-connecticut-18417c5e9074d765-general-00212,greenwich-connecticut-18417c5e9074d765-general-00213,greenwich-connecticut-18417c5e9074d765-general-00214,greenwich-connecticut-18417c5e9074d765-general-00215,greenwich-connecticut-18417c5e9074d765-general-00216,greenwich-connecticut-18417c5e9074d765-general-00217,greenwich-connecticut-18417c5e9074d765-general-00218,greenwich-connecticut-18417c5e9074d765-general-00219,greenwich-connecticut-18417c5e9074d765-general-00220,greenwich-connecticut-18417c5e9074d765-general-00221,greenwich-connecticut-18417c5e9074d765-general-00222,greenwich-connecticut-18417c5e9074d765-general-00223,greenwich-connecticut-18417c5e9074d765-general-00224,greenwich-connecticut-18417c5e9074d765-general-00225,greenwich-connecticut-18417c5e9074d765-general-00226,greenwich-connecticut-18417c5e9074d765-general-00227,greenwich-connecticut-18417c5e9074d765-general-00228,greenwich-connecticut-18417c5e9074d765-general-00229,greenwich-connecticut-18417c5e9074d765-general-00230,greenwich-connecticut-18417c5e9074d765-general-00231,greenwich-connecticut-18417c5e9074d765-general-00232,greenwich-connecticut-18417c5e9074d765-general-00233,greenwich-connecticut-18417c5e9074d765-general-00234,greenwich-connecticut-18417c5e9074d765-general-00235,greenwich-connecticut-18417c5e9074d765-general-00236,greenwich-connecticut-18417c5e9074d765-general-00237,greenwich-connecticut-18417c5e9074d765-general-00238,greenwich-connecticut-18417c5e9074d765-general-00239,greenwich-connecticut-18417c5e9074d765-general-00240,greenwich-connecticut-18417c5e9074d765-general-00241,greenwich-connecticut-18417c5e9074d765-general-00242,greenwich-connecticut-18417c5e9074d765-general-00243,greenwich-connecticut-18417c5e9074d765-general-00244,greenwich-connecticut-18417c5e9074d765-general-00245,greenwich-connecticut-18417c5e9074d765-general-00246,greenwich-connecticut-18417c5e9074d765-general-00247,greenwich-connecticut-18417c5e9074d765-general-00248,greenwich-connecticut-18417c5e9074d765-general-00249,greenwich-connecticut-18417c5e9074d765-general-00250,greenwich-connecticut-18417c5e9074d765-general-00251,greenwich-connecticut-18417c5e9074d765-general-00252,greenwich-connecticut-18417c5e9074d765-general-00253,greenwich-connecticut-18417c5e9074d765-general-00254,greenwich-connecticut-18417c5e9074d765-general-00255,greenwich-connecticut-18417c5e9074d765-general-00256,greenwich-connecticut-18417c5e9074d765-general-00257,greenwich-connecticut-18417c5e9074d765-general-00258,greenwich-connecticut-18417c5e9074d765-general-00259,greenwich-connecticut-18417c5e9074d765-general-00260,greenwich-connecticut-18417c5e9074d765-general-00261,greenwich-connecticut-18417c5e9074d765-general-00262,greenwich-connecticut-18417c5e9074d765-general-00263,greenwich-connecticut-18417c5e9074d765-general-00264,greenwich-connecticut-18417c5e9074d765-general-00265,greenwich-connecticut-18417c5e9074d765-general-00266,greenwich-connecticut-18417c5e9074d765-general-00267,greenwich-connecticut-18417c5e9074d765-general-00268,greenwich-connecticut-18417c5e9074d765-general-00269,greenwich-connecticut-18417c5e9074d765-general-00270,greenwich-connecticut-18417c5e9074d765-general-00271,greenwich-connecticut-18417c5e9074d765-general-00272,greenwich-connecticut-18417c5e9074d765-general-00273,greenwich-connecticut-18417c5e9074d765-general-00274,greenwich-connecticut-18417c5e9074d765-general-00275,greenwich-connecticut-18417c5e9074d765-general-00276,greenwich-connecticut-18417c5e9074d765-general-00277,greenwich-connecticut-18417c5e9074d765-general-00278,greenwich-connecticut-18417c5e9074d765-general-00279,greenwich-connecticut-18417c5e9074d765-general-00280,greenwich-connecticut-18417c5e9074d765-general-00281,greenwich-connecticut-18417c5e9074d765-general-00282,greenwich-connecticut-18417c5e9074d765-general-00283,greenwich-connecticut-18417c5e9074d765-general-00284,greenwich-connecticut-18417c5e9074d765-general-00285,greenwich-connecticut-18417c5e9074d765-general-00286,greenwich-connecticut-18417c5e9074d765-general-00287,greenwich-connecticut-18417c5e9074d765-general-00288,greenwich-connecticut-18417c5e9074d765-general-00289,greenwich-connecticut-18417c5e9074d765-general-00290
CGB,True,True,True,True,True,True,True,False,True,True,True,True,True,True,True,False,True,True,True,True,True,False,False,False,True,True,True,True,True,True,False,False,False,True,False,True,True,True,True,True,True,True,True,True,True,True,True,True,True,True,False,True,True,True,True,True,True,False,True,True,True,True,True,True,True,False,False,True,True,True,True,True,True,True,False,False,True,True,False,False,False,True,True,True,True,True,True,True,True,True,True,True,True,False,True,True,False,True,True,True,True,True,True,True,True,True,True,True,True,True,False,True,True,True,True,True,True,True,True,True,True,True,True,True,True,True,False,True,False,True,True,False,False,True,True,True,True,True,True,True,True,True,True,False,True,True,True,False,False,False,False,False,False,False,True,True,True,True,False,False,False,True,False,True,True,True,True,True,True,True,False,False,True,False,True,True,False,True,True,True,True,True,True,True,True,False,False,False,True,True,True,True,True,True,True,False,False,True,True,True,False,True,True,True,True,True,True,True,False,True,True,True,True,True,True,False,False,False,False,True,True,True,False,False,False,False,False,False,False,False,True,False,True,False,True,True,True,True,True,True,True,False,True,True,True,True,True,True,False,True,True,True,True,False,True,False,True,True,True,True,True,True,True,True,False,True,True,True,True,True,False,False,False,True,True,True,True,True,True,True,False,False,True,True,True,False,True,False,True,True
CGBR,True,True,True,True,True,True,True,False,True,True,True,True,True,True,True,False,True,True,True,True,True,False,False,False,True,True,True,True,True,True,False,False,False,True,False,True,True,True,True,True,True,True,True,True,True,True,True,True,True,True,False,True,True,True,True,True,True,False,True,True,True,True,True,True,True,False,False,True,True,True,True,True,True,True,False,False,True,True,False,False,False,True,True,True,True,True,True,True,True,True,True,True,True,False,True,True,False,True,True,True,True,True,True,True,True,True,True,True,True,True,False,True,True,True,True,True,True,True,True,True,True,True,True,True,True,True,False,True,False,True,True,False,False,True,True,True,True,True,True,True,True,True,True,False,True,True,True,False,False,False,False,False,False,False,True,True,True,True,False,False,False,True,False,True,True,True,True,True,True,True,False,False,True,False,True,True,False,True,True,True,True,True,True,True,True,False,False,False,True,True,True,True,True,True,True,False,False,True,True,True,False,True,True,True,True,True,True,True,False,True,True,True,True,True,True,False,False,False,False,True,True,True,False,False,False,False,False,False,False,False,True,False,True,False,True,True,True,True,True,True,True,False,True,True,True,True,True,True,False,True,True,True,True,False,True,False,True,True,True,True,True,True,True,True,False,True,True,True,True,True,False,False,False,True,True,True,True,True,True,True,False,False,True,True,True,False,True,False,True,True
GB,True,True,True,True,True,True,True,False,True,True,True,True,True,True,True,False,True,True,True,True,True,False,False,False,True,True,True,True,True,True,False,False,False,True,False,True,True,True,True,True,True,True,True,True,True,True,True,True,True,True,False,True,True,True,True,True,True,False,True,True,True,True,True,True,True,False,False,True,True,True,True,True,True,True,False,False,True,True,False,False,False,True,True,True,True,True,True,True,True,True,True,True,True,False,True,True,False,True,True,True,True,True,True,True,True,True,True,True,True,True,False,True,True,True,True,True,True,True,True,True,True,True,True,True,True,True,False,True,False,True,True,False,False,True,True,True,True,True,True,True,True,True,True,False,True,True,True,False,False,False,False,False,False,False,True,True,True,True,False,False,False,True,False,True,True,True,True,True,True,True,False,False,True,False,True,True,False,True,True,True,True,True,True,True,True,False,False,False,True,True,True,True,True,True,True,False,False,True,True,True,False,True,True,True,True,True,True,True,False,True,True,True,True,True,True,False,False,False,False,True,True,True,False,False,False,False,False,False,False,False,True,False,True,False,True,True,True,True,True,True,True,False,True,True,True,True,True,True,False,True,True,True,True,False,True,False,True,True,True,True,True,True,True,True,False,True,True,True,True,True,False,False,False,True,True,True,True,True,True,True,False,False,True,True,True,False,True,False,True,True
GBO,True,True,True,True,True,True,True,False,True,True,True,True,True,True,True,False,True,True,True,True,True,False,False,False,True,True,True,True,True,True,False,False,False,True,False,True,True,True,True,True,True,True,True,True,True,True,True,True,True,True,False,True,True,True,True,True,True,False,True,True,True,True,True,True,True,False,False,True,True,True,True,True,True,True,False,False,True,True,False,False,False,True,True,True,True,True,True,True,True,True,True,True,True,False,True,True,False,True,True,True,True,True,True,True,True,True,True,True,True,True,False,True,True,True,True,True,True,True,True,True,True,True,True,True,True,True,False,True,False,True,True,False,False,True,True,True,True,True,True,True,True,True,True,False,True,True,True,False,False,False,False,False,False,False,True,True,True,True,False,False,False,True,False,True,True,True,True,True,True,True,False,False,True,False,True,True,False,True,True,True,True,True,True,True,True,False,False,False,True,True,True,True,True,True,True,False,False,True,True,True,False,True,True,True,True,True,True,True,False,True,True,True,True,True,True,False,False,False,False,True,True,True,False,False,False,False,False,False,False,False,True,False,True,False,True,True,True,True,True,True,True,False,True,True,True,True,True,True,False,True,True,True,True,False,True,False,True,True,True,True,True,True,True,True,False,True,True,True,True,True,False,False,False,True,True,True,True,True,True,True,False,False,True,True,True,False,True,False,True,True
HO,True,True,True,True,True,True,True,False,True,True,True,True,True,True,True,True,True,True,True,True,True,False,False,False,True,True,True,True,True,True,False,False,False,True,False,True,True,True,True,True,True,True,True,True,True,True,True,True,True,True,False,True,True,True,True,True,True,True,True,True,True,True,True,True,True,False,True,True,True,True,True,True,True,True,False,False,True,True,False,False,False,True,True,True,True,True,True,True,True,True,True,True,True,True,True,True,True,True,True,True,True,True,True,True,True,True,True,True,True,True,True,True,True,True,True,True,True,True,True,True,True,True,True,True,True,True,False,True,False,True,True,False,False,True,True,True,True,True,True,True,True,True,True,True,True,True,True,True,False,True,False,False,False,False,True,True,True,True,True,False,False,True,False,True,True,True,True,True,True,True,False,False,True,True,True,True,True,True,True,True,True,True,True,True,True,True,True,True,True,True,True,True,True,True,True,True,True,True,True,True,True,True,True,True,True,True,True,True,False,True,True,True,True,True,True,False,False,False,True,True,True,True,False,False,False,False,False,False,False,False,True,False,True,True,True,True,True,True,True,True,True,True,True,True,True,True,True,True,True,True,True,True,True,True,True,False,True,True,True,True,True,True,True,True,True,True,True,True,True,True,True,True,True,True,True,True,True,True,True,True,False,False,True,True,True,False,True,True,True,True
LB,True,True,True,True,True,True,True,False,True,True,True,True,True,True,True,False,True,True,True,True,True,False,False,False,True,True,True,True,True,True,False,False,False,True,False,True,True,True,True,True,True,True,True,True,True,True,True,True,True,True,False,True,True,True,True,True,True,False,True,True,True,True,True,True,True,False,False,True,True,True,True,True,True,True,False,False,True,True,False,False,False,True,True,True,True,True,True,True,True,True,True,True,True,False,True,True,False,True,True,True,True,True,True,True,True,True,True,True,True,True,False,True,True,True,True,True,True,True,True,True,True,True,True,True,True,True,False,True,False,True,True,False,False,True,True,True,True,True,True,True,True,True,True,False,True,True,True,False,False,False,True,False,False,False,True,True,True,True,False,False,False,True,False,True,True,True,True,True,True,True,False,False,True,False,True,True,False,True,True,True,True,True,True,True,True,False,False,False,True,True,True,True,True,True,True,False,False,True,True,True,False,True,True,True,True,True,True,True,False,True,True,True,True,True,True,False,False,False,False,True,True,True,False,False,False,False,False,False,False,False,True,False,True,False,True,True,True,True,True,True,True,False,True,True,True,True,True,True,False,True,True,True,True,False,True,False,True,True,True,True,True,True,True,True,False,True,True,True,True,True,False,False,False,True,True,True,True,True,True,True,False,False,True,True,True,False,True,False,True,True
MRC,True,True,True,True,True,True,True,False,True,True,True,True,True,True,True,False,True,True,True,True,True,False,False,False,True,True,True,True,True,True,False,False,False,True,False,True,True,True,True,True,True,True,True,True,True,True,True,True,True,True,False,True,True,True,True,True,True,False,True,True,True,True,True,True,True,False,False,True,True,True,True,True,True,True,False,False,True,True,False,False,False,True,True,True,True,True,True,True,True,True,True,True,True,False,True,True,False,True,True,True,True,True,True,True,True,True,True,True,True,True,False,True,True,True,True,True,True,True,True,True,True,True,True,True,True,True,False,True,False,True,True,False,False,True,True,True,True,True,True,True,True,True,True,False,True,True,True,False,False,False,False,False,False,False,True,True,True,True,False,False,False,True,False,True,True,True,True,True,True,True,True,True,True,False,True,True,False,True,True,True,True,True,True,True,True,False,False,False,True,True,True,True,True,True,True,False,False,True,True,True,False,True,True,True,True,True,True,True,False,True,True,True,True,True,True,False,False,False,False,True,True,True,False,False,False,False,False,False,False,False,True,False,True,False,True,True,True,True,True,True,True,False,True,True,True,True,True,True,False,True,True,True,True,False,True,False,True,True,True,True,True,True,True,True,False,True,True,True,True,True,False,False,False,True,True,True,True,True,True,True,False,False,True,True,True,False,True,False,True,True
MRCO,True,True,True,True,True,True,True,False,True,True,True,True,True,True,True,False,True,True,True,True,True,False,False,False,True,True,True,True,True,True,False,False,False,True,False,True,True,True,True,True,True,True,True,True,True,True,True,True,True,True,False,True,True,True,True,True,True,False,True,True,True,True,True,True,True,False,False,True,True,True,True,True,True,True,False,False,True,True,False,False,False,True,True,True,True,True,True,True,True,True,True,True,True,False,True,True,False,True,True,True,True,True,True,True,True,True,True,True,True,True,False,True,True,True,True,True,True,True,True,True,True,True,True,True,True,True,False,True,False,True,True,False,False,True,True,True,True,True,True,True,True,True,True,False,True,True,True,False,False,False,False,False,False,False,True,True,True,True,False,False,False,True,False,True,True,True,True,True,True,True,True,True,True,False,True,True,False,True,True,True,True,True,True,True,True,False,False,False,True,True,True,True,True,True,True,False,False,True,True,True,False,True,True,True,True,True,True,True,False,True,True,True,True,True,True,False,False,False,False,True,True,True,False,False,False,False,False,False,False,False,True,False,True,False,True,True,True,True,True,True,True,False,True,True,True,True,True,True,False,True,True,True,True,False,True,False,True,True,True,True,True,True,True,True,False,True,True,True,True,True,False,False,False,True,True,True,True,True,True,True,False,False,True,True,True,False,True,False,True,True
R-12,True,True,True,True,True,True,True,False,True,True,True,True,True,True,True,False,True,True,True,True,True,False,False,False,True,True,True,True,True,True,False,False,False,True,False,True,True,True,True,True,True,True,True,True,True,True,True,True,True,True,False,True,True,True,True,True,True,False,True,True,True,True,True,True,True,False,False,True,True,True,True,True,True,True,False,False,True,True,False,False,False,True,True,True,True,True,True,True,True,True,True,True,True,False,True,True,False,True,True,True,True,True,True,True,True,True,True,True,True,True,False,True,True,True,True,True,True,True,True,True,True,True,True,True,True,True,False,True,False,True,True,False,True,True,True,True,True,True,True,True,True,True,True,False,True,True,True,False,False,False,False,False,False,False,True,True,True,True,False,False,False,True,False,True,True,True,True,True,True,True,False,False,True,False,False,True,False,True,True,True,True,True,True,True,True,False,False,False,True,True,True,True,True,True,True,False,False,True,True,True,False,True,True,True,True,True,True,True,False,True,True,True,True,True,True,False,False,False,False,True,True,True,False,False,False,False,False,False,False,False,True,False,True,False,True,True,True,True,True,True,True,False,True,True,True,True,True,True,False,True,True,True,True,False,True,False,True,True,True,True,True,True,True,True,False,True,True,True,True,True,False,False,True,True,True,True,True,True,True,True,False,False,True,True,True,False,True,False,True,True
R-20,True,True,True,True,True,True,True,False,True,True,True,True,True,True,True,False,True,True,True,True,True,False,False,False,True,True,True,True,True,True,False,False,False,True,False,True,True,True,True,True,True,True,True,True,True,True,True,True,True,True,False,True,True,True,True,True,True,False,True,True,True,True,True,True,True,False,False,True,True,True,True,True,True,True,False,False,True,True,False,False,False,True,True,True,True,True,True,True,True,True,True,True,True,False,True,True,False,True,True,True,True,True,True,True,True,True,True,True,True,True,False,True,True,True,True,True,True,True,True,True,True,True,True,True,True,True,False,True,False,True,True,False,True,True,True,True,True,True,True,True,True,True,True,False,True,True,True,False,False,False,False,False,False,False,True,True,True,True,False,False,False,True,False,True,True,True,True,True,True,True,False,False,True,False,False,True,False,True,True,True,True,True,True,True,True,False,False,False,True,True,True,True,True,True,True,False,False,True,True,True,False,True,True,True,True,True,True,True,False,True,True,True,True,True,True,False,False,False,False,True,True,True,False,False,False,False,False,False,False,False,True,False,True,False,True,True,True,True,True,True,True,False,True,True,True,True,True,True,False,True,True,True,True,False,True,False,True,True,True,True,True,True,True,True,False,True,True,True,True,True,False,False,True,True,True,True,True,True,True,True,False,False,True,True,True,False,True,False,True,True
R-6,True,True,True,True,True,True,True,False,True,True,True,True,True,True,True,False,True,True,True,True,True,False,False,False,True,True,True,True,True,True,False,False,False,True,False,True,True,True,True,True,True,True,True,True,True,True,True,True,True,True,False,True,True,True,True,True,True,False,True,True,True,True,True,True,True,False,False,True,True,True,True,True,True,True,False,False,True,True,False,False,False,True,True,True,True,True,True,True,True,True,True,True,True,False,True,True,False,True,True,True,True,True,True,True,True,True,True,True,True,True,False,True,True,True,True,True,True,True,True,True,True,True,True,True,True,True,False,True,False,True,True,False,True,True,True,True,True,True,True,True,True,True,True,False,True,True,True,False,False,False,False,False,False,False,True,True,True,True,False,False,False,True,False,True,True,True,True,True,True,True,False,False,True,False,False,True,False,True,True,True,True,True,True,True,True,False,False,False,True,True,True,True,True,True,True,False,False,True,True,True,False,True,True,True,True,True,True,True,False,True,True,True,True,True,True,False,False,False,False,True,True,True,False,False,False,False,False,False,False,False,True,False,True,False,True,True,True,True,True,True,True,False,True,True,True,True,True,True,False,True,True,True,True,False,True,False,True,True,True,True,True,True,True,True,False,True,True,True,True,True,False,False,True,True,True,True,True,True,True,True,False,False,True,True,True,False,True,False,True,True
R-7,True,True,True,True,True,True,True,False,True,True,True,True,True,True,True,False,True,True,True,True,True,False,False,False,True,True,True,True,True,True,False,False,False,True,False,True,True,True,True,True,True,True,True,True,True,True,True,True,True,True,False,True,True,True,True,True,True,False,True,True,True,True,True,True,True,False,False,True,True,True,True,True,True,True,False,False,True,True,False,False,False,True,True,True,True,True,True,True,True,True,True,True,True,False,True,True,False,True,True,True,True,True,True,True,True,True,True,True,True,True,False,True,True,True,True,True,True,True,True,True,True,True,True,True,True,True,False,True,False,True,True,False,True,True,True,True,True,True,True,True,True,True,True,False,True,True,True,False,False,False,False,False,False,False,True,True,True,True,False,False,False,True,False,True,True,True,True,True,True,True,False,False,True,False,False,True,False,True,True,True,True,True,True,True,True,False,False,False,True,True,True,True,True,True,True,False,False,True,True,True,False,True,True,True,True,True,True,True,False,True,True,True,True,True,True,False,False,False,False,True,True,True,False,False,False,False,False,False,False,False,True,False,True,False,True,True,True,True,True,True,True,False,True,True,True,True,True,True,False,True,True,True,True,False,True,False,True,True,True,True,True,True,True,True,False,True,True,True,True,True,False,False,True,True,True,True,True,True,True,True,False,False,True,True,True,False,True,False,True,True
RA-1,True,True,True,True,True,True,True,False,True,True,True,True,True,True,True,False,True,True,True,True,True,False,False,False,True,True,True,True,True,True,False,False,False,True,False,True,True,True,True,True,True,True,True,True,True,True,True,True,True,True,False,True,True,True,True,True,True,False,True,True,True,True,True,True,True,False,False,True,True,True,True,True,True,True,False,False,True,True,False,False,False,True,True,True,True,True,True,True,True,True,True,True,True,False,True,True,False,True,True,True,True,True,True,True,True,True,True,True,True,True,False,True,True,True,True,True,True,True,True,True,True,True,True,True,True,True,False,True,False,True,True,False,True,True,True,True,True,True,True,True,True,True,True,False,True,True,True,False,False,False,False,False,False,False,True,True,True,True,False,False,False,True,False,True,True,True,True,True,True,True,False,False,True,False,False,True,False,True,True,True,True,True,True,True,True,False,False,False,True,True,True,True,True,True,True,False,False,True,True,True,False,True,True,True,True,True,True,True,False,True,True,True,True,True,True,False,False,False,False,True,True,True,False,False,False,False,False,False,False,False,True,False,True,False,True,True,True,True,True,True,True,False,True,True,True,True,True,True,False,True,True,True,True,False,True,False,True,True,True,True,True,True,True,True,False,True,True,True,True,True,False,False,True,True,True,True,True,True,True,True,False,False,True,True,True,False,True,False,True,True
RA-2,True,True,True,True,True,True,True,False,True,True,True,True,True,True,True,False,True,True,True,True,True,False,False,False,True,True,True,True,True,True,False,False,False,True,False,True,True,True,True,True,True,True,True,True,True,True,True,True,True,True,False,True,True,True,True,True,True,False,True,True,True,True,True,True,True,False,False,True,True,True,True,True,True,True,False,False,True,True,False,False,False,True,True,True,True,True,True,True,True,True,True,True,True,False,True,True,False,True,True,True,True,True,True,True,True,True,True,True,True,True,False,True,True,True,True,True,True,True,True,True,True,True,True,True,True,True,False,True,False,True,True,False,True,True,True,True,True,True,True,True,True,True,True,False,True,True,True,False,True,False,False,False,False,False,True,True,True,True,False,False,False,True,False,True,True,True,True,True,True,True,False,False,True,False,False,True,False,True,True,True,True,True,True,True,True,False,False,False,True,True,True,True,True,True,True,False,False,True,True,True,False,True,True,True,True,True,True,True,False,True,True,True,True,True,True,False,False,False,False,True,True,True,False,False,False,False,False,False,False,False,True,False,True,False,True,True,True,True,True,True,True,False,True,True,True,True,True,True,False,True,True,True,True,False,True,False,True,True,True,True,True,True,True,True,False,True,True,True,True,True,False,False,True,True,True,True,True,True,True,True,False,False,True,True,True,False,True,False,True,True
RA-4,True,True,True,True,True,True,True,False,True,True,True,True,True,True,True,False,True,True,True,True,True,False,False,False,True,True,True,True,True,True,False,False,False,True,False,True,True,True,True,True,True,True,True,True,True,True,True,True,True,True,False,True,True,True,True,True,True,False,True,True,True,True,True,True,True,False,False,True,True,True,True,True,True,True,False,False,True,True,False,False,False,True,True,True,True,True,True,True,True,True,True,True,True,False,True,True,False,True,True,True,True,True,True,True,True,True,True,True,True,True,False,True,True,True,True,True,True,True,True,True,True,True,True,True,True,True,False,True,False,True,True,False,True,True,True,True,True,True,True,True,True,True,True,False,True,True,True,False,True,False,False,False,False,False,True,True,True,True,False,False,False,True,False,True,True,True,True,True,True,True,False,False,True,False,False,True,False,True,True,True,True,True,True,True,True,False,False,False,True,True,True,True,True,True,True,False,False,True,True,True,False,True,True,True,True,True,True,True,False,True,True,True,True,True,True,False,False,False,False,True,True,True,False,False,False,False,False,False,False,False,True,False,True,False,True,True,True,True,True,True,True,False,True,True,True,True,True,True,False,True,True,True,True,False,True,False,True,True,True,True,True,True,True,True,False,True,True,True,True,True,False,False,True,True,True,True,True,True,True,True,False,False,True,True,True,False,True,False,True,True
