page_number,native_word_count,native_text_character_count,text_coverage_score,character_quality_score,reading_order_score,table_like_page,table_integrity_score,composite_quality_score,route,diagnostic_reasons,native_text_preview
240,64,395,0.10798722044728434,0.9670886075949368,1.0,True,0.0,0.4795676790552837,manual_review_queue,low_text_coverage=0.11 | table_alignment_risk=0.00 | low_composite_score_requires_manual_review,"DIAGRAM 1 GRADE PLANE CROSS SECTION VIEW Building Height 6’-0” Finished Grade Varies, see 6’-0” section 6-134(d) Grade Plane Walls Finished Grade Varies, see section 6-134(d) Existing Grade Fill PLAN VIEW OF LIMITS OF AREA FOR CALCULATING GRADE PLANE Property Line 6’-0” Less Than 6’-0” Building 6’-0” Six (6’) feet from building wall or property line, whichever is less. 6’-0” Diagrams – Page 1"
249,42,238,0.08961661341853035,1.0,1.0,True,0.0,0.48136581469648565,manual_review_queue,low_text_coverage=0.09 | table_alignment_risk=0.00 | low_composite_score_requires_manual_review,DIAGRAM 9 ILLUSTRATION OF YARDS FOR IRREGULAR SHAPED LOT Rear Lot Line Rear Yard Principal Building Side Side Yard Yard Side Side Lot Lot Line Line Front Yard Front Lot Line Street Required (minimum) Yard See Sec. 6-205 Diagrams – Page 10
246,41,244,0.08985623003194888,1.0,1.0,True,0.0,0.48144968051118214,manual_review_queue,low_text_coverage=0.09 | table_alignment_risk=0.00 | low_composite_score_requires_manual_review,DIAGRAM 7 ILLUSTRATION DISTINGUISHING YARDS FROM REQUIRED YARDS Rear Lot Line Rear Yard Side Yard Side Side Yard Side Principal Building Lot Lot Line Line Front Yard Street Front Lot Line Required (minimum) Yard See Sec. 6-205 Diagrams – Page 7
244,55,329,0.10479233226837059,0.9878419452887538,0.9935185185185185,True,0.0,0.48234150631982187,manual_review_queue,low_text_coverage=0.10 | table_alignment_risk=0.00 | low_composite_score_requires_manual_review,DIAGRAM 5 BASEMENT AREA COUNTED AS A STORY ABOVE GRADE UNDER THE FOLLOWING CONDITIONS Attic 1st Floor Above Finished surface of floor More than 5’-0” above Grade Plane Basement Grade Plane Attic 1st Floor Above Finished surface of floor Finished More than 12’-0” above Basement Grade Finished Grade at any point Diagrams – Page 5
248,52,312,0.10159744408945687,1.0,1.0,True,0.0,0.4855591054313099,manual_review_queue,low_text_coverage=0.10 | table_alignment_risk=0.00 | low_composite_score_requires_manual_review,DIAGRAM 8 ILLUSTRATION OF LOT FRONTAGE MEASUREMENT Rear Lot Line Rear Yard Side Yard Side Side Lot Lot Side Yard Line Line Principal Building Minimum Frontage Front must extend 200% of Yard minimum front yard depth Street Minimum Frontage Required by Zone Required (minimum) Yard See Sec. 6-205 Diagrams – Page 9
242,105,631,0.13562300319488818,0.9810725552050473,1.0,True,0.0,0.4927361899194727,manual_review_queue,low_text_coverage=0.14 | table_alignment_risk=0.00 | low_composite_score_requires_manual_review,"DIAGRAM 3 BASEMENT AREAS INCLUDED AND EXCLUDED FROM GROSS FLOOR AREA (GFA) None of basement or crawl space Attic area included in GFA 1st Floor Above Finished surface of floor 5’-0” Less than 3’-0” above BasementGrade More than 4’-0” belowPlane Crawl Space Attic 50% of basement area* included in GFA 1st Floor Above Finished surface of floor More than 3’-0” Less than 5’-0” BasementGrade *Excluding crawl spaces and Plane basement areas for parking, laundry equipment and mechanical equipment. Attic"
53,49,296,0.09840255591054312,1.0,1.0,True,0.14136904761904764,0.5127147040924996,ocr_and_dual_stream_reconciliation,low_text_coverage=0.10 | table_alignment_risk=0.14 | intermediate_composite_score_requires_ocr_comparison,"§6-34 LAND USE §6-34 (4) No building permit or certificate of occupancy shall be issued by the Building Official, nor shall the Town accept any street, should the Conservation Plan, Subdivision Plan or Site Plan be changed in any way without the approval of the Commission. (2/18/82, 4/24/13) 3-8"
229,93,568,0.12444089456869009,1.0,1.0,True,0.10103887881665662,0.5137620888623728,ocr_and_dual_stream_reconciliation,low_text_coverage=0.12 | table_alignment_risk=0.10 | intermediate_composite_score_requires_ocr_comparison,"§6-202 GREENWICH MUNICIPAL CODE §6-202 DIVISION 20. PENALTIES. Sec. 6-202. PENALTIES; ABATEMENT. (a) The owner, agent, lessee or tenant of either the whole or part of a building or premises, where a violation of this Article shall have been committed or shall exist, shall be guilty of a misdemeanor punishable by fine of not less than Ten Dollars ($10.00) or more than One Hundred Dollars ($100.00) for each such violation. Each days continuance of the violation shall be a separate offense. (b) Aba"
1,17,112,0.0792332268370607,1.0,1.0,True,0.1875,0.5152316293929713,ocr_and_dual_stream_reconciliation,low_native_word_count=17 | low_text_coverage=0.08 | table_alignment_risk=0.19 | intermediate_composite_score_requires_ocr_comparison,"TOWN OF GREENWICH BUILDING ZONE REGULATIONS August 2023 Adopted February 1, 1926 Revisions through July 14, 2023"
247,98,540,0.1253993610223642,0.9981481481481481,0.9891752577319588,True,0.12797619047619047,0.5168571030364943,ocr_and_dual_stream_reconciliation,low_text_coverage=0.13 | table_alignment_risk=0.13 | intermediate_composite_score_requires_ocr_comparison,DIAGRAM 7.1 ILLUSTRATION OF YARDS FOR TYPICAL LOTS AND REAR LOTS Rear Lot Line Rear Yard Principal Side Yard Building Side Yard Front Yard* Side Side Lot REAR Lot Line LOT Line Rear Yard STREET Principal Side Yard FRONTAGE Building Side Yard LOT 20’ Min. Front Yard Street Front Lot Line The area of accessway Required (minimum) Yard See is excluded from lot Sec. 6-205 area calculation for lot *For Rear Lots property owner size and FAR selects which lot line will be front per Sec 6-131 (b) (6). lo
255,26,190,0.07356230031948882,1.0,1.0,True,0.22222222222222224,0.5201912495562655,ocr_and_dual_stream_reconciliation,low_text_coverage=0.07 | table_alignment_risk=0.22 | intermediate_composite_score_requires_ocr_comparison,DIAGRAM 15: ILLUSTRATION OF DESIGN STANDARDS FOR PUBLIC WATERFRONT ACCESS IMPROVEMENTS DIAGRAM 16 ILLUSTRATION OF WATERFRONT WALKWAY AND VEGETATIVE BUFFER DESIGN STANDARDS Diagrams = Page 16
253,26,183,0.07372204472843451,1.0,1.0,True,0.22222222222222224,0.5202471600993965,ocr_and_dual_stream_reconciliation,low_text_coverage=0.07 | table_alignment_risk=0.22 | intermediate_composite_score_requires_ocr_comparison,DIAGRAM 11: ILLUSTRATION OF BUILDING ORIENTATION AND IMPACTS TO WATERFRONT VIEWS DIAGRAM 12: ILLUSTRATION OF WATERFRONT PUBLIC ACCESS AND PUBLIC ACCESSWAY EASEMENTS Diagrams = Page 14
141,84,614,0.12859424920127793,1.0,1.0,True,0.1333033286158286,0.521668652943613,ocr_and_dual_stream_reconciliation,low_text_coverage=0.13 | table_alignment_risk=0.13 | intermediate_composite_score_requires_ocr_comparison,"6-118.1 GREENWICH MUNICIPAL CODE 6-118.1 SUBDIVISION 5. RAILROAD RIGHTS-OF-WAY. Sec. 6-118.1 USE REGULATIONS IN RAILROAD RIGHTS-OF-WAY. Transportation-oriented uses shall be permitted when authorized by special permit by the Commission pursuant to Sec. 6-17 of these regulations provided the proposed uses are found to the primarily for the service and convenience of passengers such as news-stands, limousine, bus and taxi stands, limited food concessions, vending machines, passenger parking, overh"
83,149,917,0.1635782747603834,0.9989094874591058,1.0,True,0.0825432737197443,0.5234884227748596,ocr_and_dual_stream_reconciliation,low_text_coverage=0.16 | table_alignment_risk=0.08 | intermediate_composite_score_requires_ocr_comparison,"§6-95 GREENWICH MUNICIPAL CODE §6-96 (F) There shall be no noise, odor or electrical interference caused by such home office use; (G) There shall be no stock of merchandise for sale or equipment that is customarily employed in sales on the premises; (H) There shall be only one home office in the dwelling and no other accessory use on the premises that might otherwise be permitted under any section of these Regulations; (I) No home office shall occupy more than 700 square feet or 25% of the gross"
243,100,488,0.12220447284345047,0.9918032786885246,0.9964646464646465,True,0.16851851851851854,0.5237190181639718,ocr_and_dual_stream_reconciliation,low_text_coverage=0.12 | table_alignment_risk=0.17 | intermediate_composite_score_requires_ocr_comparison,"DIAGRAM 4 HALF AND FULL STORY CALCULATIONS FOR ATTIC AREA Roof Rafters Attic Plane Dormer Area 7’-0” Finished in GFA Area in GFA Attic 5’-0” Floor In zones R-6 through RA- 1, when Area in GFA, is less than 40% of Area B 2nd Floor Attic Counts as ½ story. In zones RA-2 and RA-4, Area B when Area in GFA, is less Floor Below than 50% of Area B Attic Counts as ½ story. When Area in GFA is 1st Floor more than 40% of Area B Attic Counts as full story. Grade Plane Basement Diagrams – Page 4"
