page_number,extraction_engine,token_count,mean_confidence
1,pymupdf_native,17,
2,pymupdf_native,117,
3,pymupdf_native,3,
4,pymupdf_native,279,
5,pymupdf_native,320,
6,pymupdf_native,320,
7,pymupdf_native,322,
8,pymupdf_native,265,
9,pymupdf_native,276,
10,pymupdf_native,300,
11,pymupdf_native,8,
12,pymupdf_native,275,
13,pymupdf_native,230,
14,pymupdf_native,129,
15,pymupdf_native,8,
16,pymupdf_native,562,
17,pymupdf_native,626,
18,pymupdf_native,669,
19,pymupdf_native,592,
20,pymupdf_native,667,
21,pymupdf_native,585,
22,pymupdf_native,603,
23,pymupdf_native,643,
24,pymupdf_native,600,
25,pymupdf_native,604,
26,pymupdf_native,580,
27,pymupdf_native,648,
28,pymupdf_native,631,
29,pymupdf_native,642,
30,pymupdf_native,592,
31,pymupdf_native,664,
32,pymupdf_native,539,
33,pymupdf_native,594,
34,pymupdf_native,572,
35,pymupdf_native,582,
36,pymupdf_native,575,
37,pymupdf_native,608,
38,pymupdf_native,594,
39,pymupdf_native,552,
40,pymupdf_native,494,
41,pymupdf_native,528,
42,pymupdf_native,557,
43,pymupdf_native,619,
44,pymupdf_native,433,
45,pymupdf_native,8,
46,pymupdf_native,507,
47,pymupdf_native,437,
48,pymupdf_native,409,
49,pymupdf_native,444,
50,pymupdf_native,592,
51,pymupdf_native,499,
52,pymupdf_native,562,
53,pymupdf_native,49,
54,pymupdf_native,6,
55,pymupdf_native,418,
56,pymupdf_native,365,
57,pymupdf_native,131,
58,pymupdf_native,8,
59,pymupdf_native,383,
60,pymupdf_native,451,
61,pymupdf_native,323,
62,pymupdf_native,418,
63,pymupdf_native,350,
64,tesseract,10,65.8759854
65,pymupdf_native,357,
66,pymupdf_native,314,
67,pymupdf_native,320,
68,pymupdf_native,242,
69,pymupdf_native,424,
70,pymupdf_native,346,
71,pymupdf_native,131,
72,tesseract,10,67.06523480000001
73,pymupdf_native,347,
74,pymupdf_native,404,
75,pymupdf_native,163,
76,tesseract,10,65.0503966
77,pymupdf_native,476,
78,pymupdf_native,625,
79,pymupdf_native,591,
80,pymupdf_native,573,
81,pymupdf_native,572,
82,pymupdf_native,554,
83,pymupdf_native,149,
84,pymupdf_native,527,
85,pymupdf_native,570,
86,pymupdf_native,587,
87,pymupdf_native,639,
88,pymupdf_native,225,
89,pymupdf_native,482,
90,pymupdf_native,643,
91,pymupdf_native,606,
92,pymupdf_native,305,
93,pymupdf_native,331,
94,pymupdf_native,437,
95,pymupdf_native,570,
96,pymupdf_native,463,
97,pymupdf_native,550,
98,pymupdf_native,569,
99,pymupdf_native,468,
100,pymupdf_native,647,
101,pymupdf_native,628,
102,pymupdf_native,606,
103,pymupdf_native,412,
104,pymupdf_native,467,
105,pymupdf_native,599,
106,pymupdf_native,626,
107,pymupdf_native,540,
108,pymupdf_native,518,
109,pymupdf_native,444,
110,pymupdf_native,567,
111,pymupdf_native,624,
112,pymupdf_native,594,
113,pymupdf_native,564,
114,pymupdf_native,669,
115,pymupdf_native,648,
116,pymupdf_native,597,
117,pymupdf_native,619,
118,pymupdf_native,531,
119,pymupdf_native,493,
120,pymupdf_native,582,
121,pymupdf_native,653,
122,pymupdf_native,670,
123,pymupdf_native,700,
124,pymupdf_native,740,
125,pymupdf_native,540,
126,pymupdf_native,522,
127,pymupdf_native,516,
128,pymupdf_native,634,
129,pymupdf_native,530,
130,pymupdf_native,532,
131,pymupdf_native,599,
132,pymupdf_native,551,
133,pymupdf_native,606,
134,pymupdf_native,656,
135,pymupdf_native,639,
136,pymupdf_native,603,
137,pymupdf_native,619,
138,pymupdf_native,530,
139,pymupdf_native,590,
140,pymupdf_native,15,
141,pymupdf_native,84,
142,pymupdf_native,478,
143,pymupdf_native,201,
144,pymupdf_native,651,
145,pymupdf_native,604,
146,pymupdf_native,648,
147,pymupdf_native,601,
148,pymupdf_native,641,
149,pymupdf_native,458,
150,pymupdf_native,483,
151,pymupdf_native,595,
152,pymupdf_native,640,
153,pymupdf_native,640,
154,pymupdf_native,614,
155,pymupdf_native,537,
156,pymupdf_native,578,
157,pymupdf_native,548,
158,pymupdf_native,515,
159,pymupdf_native,522,
160,pymupdf_native,578,
161,pymupdf_native,524,
162,pymupdf_native,555,
163,pymupdf_native,513,
164,pymupdf_native,554,
165,pymupdf_native,509,
166,pymupdf_native,425,
167,pymupdf_native,500,
168,pymupdf_native,419,
169,pymupdf_native,492,
170,pymupdf_native,368,
171,pymupdf_native,545,
172,pymupdf_native,571,
173,pymupdf_native,515,
174,pymupdf_native,462,
175,pymupdf_native,601,
176,pymupdf_native,517,
177,pymupdf_native,418,
178,pymupdf_native,562,
179,pymupdf_native,549,
180,pymupdf_native,530,
181,pymupdf_native,371,
182,pymupdf_native,9,
183,pymupdf_native,555,
184,pymupdf_native,558,
185,pymupdf_native,104,
186,pymupdf_native,8,
187,pymupdf_native,482,
188,pymupdf_native,243,
189,pymupdf_native,170,
190,tesseract,11,80.18773854545456
191,pymupdf_native,445,
192,pymupdf_native,77,
193,pymupdf_native,490,
194,pymupdf_native,541,
195,pymupdf_native,372,
196,pymupdf_native,266,
197,pymupdf_native,255,
198,pymupdf_native,340,
199,pymupdf_native,396,
200,pymupdf_native,460,
201,pymupdf_native,178,
202,pymupdf_native,395,
203,pymupdf_native,344,
204,pymupdf_native,350,
205,pymupdf_native,295,
206,pymupdf_native,204,
207,pymupdf_native,187,
208,pymupdf_native,375,
209,pymupdf_native,520,
210,pymupdf_native,406,
211,pymupdf_native,170,
212,pymupdf_native,375,
213,pymupdf_native,507,
214,pymupdf_native,450,
215,pymupdf_native,449,
216,pymupdf_native,615,
217,pymupdf_native,440,
218,tesseract,10,60.3223775
219,pymupdf_native,439,
220,pymupdf_native,459,
221,pymupdf_native,447,
222,pymupdf_native,135,
223,pymupdf_native,497,
224,pymupdf_native,331,
225,pymupdf_native,419,
226,pymupdf_native,7,
227,pymupdf_native,216,
228,pymupdf_native,7,
229,pymupdf_native,93,
230,tesseract,11,80.33395800000001
231,pymupdf_native,246,
232,pymupdf_native,7,
233,pymupdf_native,567,
234,pymupdf_native,569,
235,pymupdf_native,558,
236,pymupdf_native,521,
237,pymupdf_native,309,
238,pymupdf_native,145,
239,pymupdf_native,3,
240,pymupdf_native,64,
241,pymupdf_native,47,
242,pymupdf_native,105,
243,pymupdf_native,100,
244,pymupdf_native,55,
245,pymupdf_native,78,
246,pymupdf_native,41,
247,pymupdf_native,98,
248,pymupdf_native,52,
249,pymupdf_native,42,
250,pymupdf_native,29,
251,pymupdf_native,39,
252,pymupdf_native,41,
253,pymupdf_native,26,
254,pymupdf_native,34,
255,pymupdf_native,26,
256,pymupdf_native,2,
257,pymupdf_native,223,
258,pymupdf_native,207,
259,pymupdf_native,228,
260,pymupdf_native,224,
261,pymupdf_native,221,
262,pymupdf_native,220,
263,pymupdf_native,180,
264,pymupdf_native,234,
265,pymupdf_native,238,
266,pymupdf_native,197,
267,pymupdf_native,231,
268,pymupdf_native,68,
269,pymupdf_native,373,
270,pymupdf_native,340,
271,pymupdf_native,324,
272,pymupdf_native,346,
273,pymupdf_native,364,
274,pymupdf_native,364,
275,pymupdf_native,371,
276,pymupdf_native,370,
277,pymupdf_native,426,
278,pymupdf_native,442,
279,pymupdf_native,421,
280,pymupdf_native,439,
281,pymupdf_native,364,
282,pymupdf_native,434,
283,pymupdf_native,419,
284,pymupdf_native,419,
285,pymupdf_native,383,
286,pymupdf_native,427,
287,pymupdf_native,331,
288,pymupdf_native,316,
289,pymupdf_native,361,
290,pymupdf_native,243,
291,pymupdf_native,341,
292,pymupdf_native,438,
293,pymupdf_native,404,
294,pymupdf_native,436,
295,pymupdf_native,486,
296,pymupdf_native,445,
297,pymupdf_native,487,
298,pymupdf_native,426,
299,pymupdf_native,446,
300,pymupdf_native,435,
301,pymupdf_native,445,
302,pymupdf_native,432,
303,pymupdf_native,446,
304,pymupdf_native,487,
305,pymupdf_native,480,
306,pymupdf_native,465,
307,pymupdf_native,488,
308,pymupdf_native,443,
309,pymupdf_native,471,
310,pymupdf_native,459,
311,pymupdf_native,470,
312,pymupdf_native,519,
313,pymupdf_native,166,
