candidate_id,candidate_code,candidate_name,source_type,source_page,hierarchy_node_id,table_id,gis_code,source_excerpt,candidate_pattern_family,detection_confidence,rationale,layout_context,review_status
bridgeport-connecticut-afe7c678fa5dfc85-district-candidate-00001,NX1,,gis_zone_2021,,,,NX1,"GIS ZONE_2021 categorical value, 938 features",gis_categorical_value,0.9,exact_value_in_ZONE_2021_field_of_official_FeatureServer_export,n/a,auto_detected
bridgeport-connecticut-afe7c678fa5dfc85-district-candidate-00002,N2,,gis_zone_2021,,,,N2,"GIS ZONE_2021 categorical value, 272 features",gis_categorical_value,0.9,exact_value_in_ZONE_2021_field_of_official_FeatureServer_export,n/a,auto_detected
bridgeport-connecticut-afe7c678fa5dfc85-district-candidate-00003,NX2,,gis_zone_2021,,,,NX2,"GIS ZONE_2021 categorical value, 222 features",gis_categorical_value,0.9,exact_value_in_ZONE_2021_field_of_official_FeatureServer_export,n/a,auto_detected
bridgeport-connecticut-afe7c678fa5dfc85-district-candidate-00004,N3,,gis_zone_2021,,,,N3,"GIS ZONE_2021 categorical value, 195 features",gis_categorical_value,0.9,exact_value_in_ZONE_2021_field_of_official_FeatureServer_export,n/a,auto_detected
bridgeport-connecticut-afe7c678fa5dfc85-district-candidate-00005,N1,,gis_zone_2021,,,,N1,"GIS ZONE_2021 categorical value, 101 features",gis_categorical_value,0.9,exact_value_in_ZONE_2021_field_of_official_FeatureServer_export,n/a,auto_detected
bridgeport-connecticut-afe7c678fa5dfc85-district-candidate-00006,RX1,,gis_zone_2021,,,,RX1,"GIS ZONE_2021 categorical value, 76 features",gis_categorical_value,0.9,exact_value_in_ZONE_2021_field_of_official_FeatureServer_export,n/a,auto_detected
bridgeport-connecticut-afe7c678fa5dfc85-district-candidate-00007,MX1,,gis_zone_2021,,,,MX1,"GIS ZONE_2021 categorical value, 59 features",gis_categorical_value,0.9,exact_value_in_ZONE_2021_field_of_official_FeatureServer_export,n/a,auto_detected
bridgeport-connecticut-afe7c678fa5dfc85-district-candidate-00008,P2,,gis_zone_2021,,,,P2,"GIS ZONE_2021 categorical value, 36 features",gis_categorical_value,0.9,exact_value_in_ZONE_2021_field_of_official_FeatureServer_export,n/a,auto_detected
bridgeport-connecticut-afe7c678fa5dfc85-district-candidate-00009,P1,,gis_zone_2021,,,,P1,"GIS ZONE_2021 categorical value, 28 features",gis_categorical_value,0.9,exact_value_in_ZONE_2021_field_of_official_FeatureServer_export,n/a,auto_detected
bridgeport-connecticut-afe7c678fa5dfc85-district-candidate-00010,NX3,,gis_zone_2021,,,,NX3,"GIS ZONE_2021 categorical value, 26 features",gis_categorical_value,0.9,exact_value_in_ZONE_2021_field_of_official_FeatureServer_export,n/a,auto_detected
bridgeport-connecticut-afe7c678fa5dfc85-district-candidate-00011,I,,gis_zone_2021,,,,I,"GIS ZONE_2021 categorical value, 20 features",gis_categorical_value,0.9,exact_value_in_ZONE_2021_field_of_official_FeatureServer_export,n/a,auto_detected
bridgeport-connecticut-afe7c678fa5dfc85-district-candidate-00012,RX2,,gis_zone_2021,,,,RX2,"GIS ZONE_2021 categorical value, 15 features",gis_categorical_value,0.9,exact_value_in_ZONE_2021_field_of_official_FeatureServer_export,n/a,auto_detected
bridgeport-connecticut-afe7c678fa5dfc85-district-candidate-00013,P4,,gis_zone_2021,,,,P4,"GIS ZONE_2021 categorical value, 6 features",gis_categorical_value,0.9,exact_value_in_ZONE_2021_field_of_official_FeatureServer_export,n/a,auto_detected
bridgeport-connecticut-afe7c678fa5dfc85-district-candidate-00014,MXN,,gis_zone_2021,,,,MXN,"GIS ZONE_2021 categorical value, 4 features",gis_categorical_value,0.9,exact_value_in_ZONE_2021_field_of_official_FeatureServer_export,n/a,auto_detected
bridgeport-connecticut-afe7c678fa5dfc85-district-candidate-00015,IX,,gis_zone_2021,,,,IX,"GIS ZONE_2021 categorical value, 1 features",gis_categorical_value,0.9,exact_value_in_ZONE_2021_field_of_official_FeatureServer_export,n/a,auto_detected
bridgeport-connecticut-afe7c678fa5dfc85-district-candidate-00016,NX4,,gis_zone_2021,,,,NX4,"GIS ZONE_2021 categorical value, 1 features",gis_categorical_value,0.9,exact_value_in_ZONE_2021_field_of_official_FeatureServer_export,n/a,auto_detected
bridgeport-connecticut-afe7c678fa5dfc85-district-candidate-00017,DX1,Downtown Core,narrative_definition,10.0,bridgeport-connecticut-afe7c678fa5dfc85-repaired-node-000026,,,"A. DX1, Downtown Core. The DX1 zone is intended for",narrative_lettered_definition,0.7,"lettered_paragraph_matches_'CODE,_Name.'_pattern",two_column,auto_detected
bridgeport-connecticut-afe7c678fa5dfc85-district-candidate-00018,DX2,Downtown Support,narrative_definition,10.0,bridgeport-connecticut-afe7c678fa5dfc85-repaired-node-000027,,,"B. DX2, Downtown Support. The DX2 zone is intended",narrative_lettered_definition,0.7,"lettered_paragraph_matches_'CODE,_Name.'_pattern",two_column,auto_detected
bridgeport-connecticut-afe7c678fa5dfc85-district-candidate-00019,MX1,Mixed-Use Corridor,narrative_definition,10.0,bridgeport-connecticut-afe7c678fa5dfc85-repaired-node-000028,,,"C. MX1, Mixed-Use Corridor. The MX1 zone is intended",narrative_lettered_definition,0.7,"lettered_paragraph_matches_'CODE,_Name.'_pattern",two_column,auto_detected
bridgeport-connecticut-afe7c678fa5dfc85-district-candidate-00020,MX2,Mixed-Use Centers,narrative_definition,10.0,bridgeport-connecticut-afe7c678fa5dfc85-repaired-node-000029,,,"D. MX2, Mixed-Use Centers. The MX2 zone is intended",narrative_lettered_definition,0.7,"lettered_paragraph_matches_'CODE,_Name.'_pattern",two_column,auto_detected
bridgeport-connecticut-afe7c678fa5dfc85-district-candidate-00021,MXN,Mixed-Use Neighborhood Corners,narrative_definition,10.0,bridgeport-connecticut-afe7c678fa5dfc85-repaired-node-000030,,,"E. MXN, Mixed-Use Neighborhood Corners. The MXN",narrative_lettered_definition,0.7,"lettered_paragraph_matches_'CODE,_Name.'_pattern",two_column,auto_detected
bridgeport-connecticut-afe7c678fa5dfc85-district-candidate-00022,RX2,Residential-Office Centers,narrative_definition,10.0,bridgeport-connecticut-afe7c678fa5dfc85-repaired-node-000031,,,"G. RX2, Residential-Office Centers. The RX2 zone is",narrative_lettered_definition,0.7,"lettered_paragraph_matches_'CODE,_Name.'_pattern",two_column,auto_detected
bridgeport-connecticut-afe7c678fa5dfc85-district-candidate-00023,CX,Heavy Commercial,narrative_definition,10.0,bridgeport-connecticut-afe7c678fa5dfc85-repaired-node-000032,,,"H. CX, Heavy Commercial. The CX zone is intended",narrative_lettered_definition,0.7,"lettered_paragraph_matches_'CODE,_Name.'_pattern",two_column,auto_detected
bridgeport-connecticut-afe7c678fa5dfc85-district-candidate-00024,N1,Neighborhood: Traditional,narrative_definition,11.0,bridgeport-connecticut-afe7c678fa5dfc85-repaired-node-000033,,,"A. N1, Neighborhood: Traditional. The N1 neighborhood",narrative_lettered_definition,0.7,"lettered_paragraph_matches_'CODE,_Name.'_pattern",two_column,auto_detected
bridgeport-connecticut-afe7c678fa5dfc85-district-candidate-00025,N2,Neighborhood: Mid-Century,narrative_definition,11.0,bridgeport-connecticut-afe7c678fa5dfc85-repaired-node-000034,,,"B. N2, Neighborhood: Mid-Century. The N2 zone is",narrative_lettered_definition,0.7,"lettered_paragraph_matches_'CODE,_Name.'_pattern",two_column,auto_detected
bridgeport-connecticut-afe7c678fa5dfc85-district-candidate-00026,N3,Neighborhood: Large Lot,narrative_definition,11.0,bridgeport-connecticut-afe7c678fa5dfc85-repaired-node-000035,,,"C. N3, Neighborhood: Large Lot. The N3 zone is",narrative_lettered_definition,0.7,"lettered_paragraph_matches_'CODE,_Name.'_pattern",two_column,auto_detected
bridgeport-connecticut-afe7c678fa5dfc85-district-candidate-00027,N4,Neighborhood: Suburban,narrative_definition,11.0,bridgeport-connecticut-afe7c678fa5dfc85-repaired-node-000036,,,"D. N4, Neighborhood: Suburban. The N4 zone is",narrative_lettered_definition,0.7,"lettered_paragraph_matches_'CODE,_Name.'_pattern",two_column,auto_detected
bridgeport-connecticut-afe7c678fa5dfc85-district-candidate-00028,NX1,Neighborhood Mix,narrative_definition,11.0,bridgeport-connecticut-afe7c678fa5dfc85-repaired-node-000037,,,"E. NX1, Neighborhood Mix. The NX1 zone is intended to",narrative_lettered_definition,0.7,"lettered_paragraph_matches_'CODE,_Name.'_pattern",two_column,auto_detected
bridgeport-connecticut-afe7c678fa5dfc85-district-candidate-00029,NX3,Mixed Residential,narrative_definition,11.0,bridgeport-connecticut-afe7c678fa5dfc85-repaired-node-000038,,,"G. NX3, Mixed Residential. The NX3 zone is intended for",narrative_lettered_definition,0.7,"lettered_paragraph_matches_'CODE,_Name.'_pattern",two_column,auto_detected
bridgeport-connecticut-afe7c678fa5dfc85-district-candidate-00030,NX4,Mixed Residential,narrative_definition,11.0,bridgeport-connecticut-afe7c678fa5dfc85-repaired-node-000039,,,"H. NX4, Mixed Residential. The NX4 zone is intended",narrative_lettered_definition,0.7,"lettered_paragraph_matches_'CODE,_Name.'_pattern",two_column,auto_detected
bridgeport-connecticut-afe7c678fa5dfc85-district-candidate-00031,IX,Office-Industrial Centers,narrative_definition,11.0,bridgeport-connecticut-afe7c678fa5dfc85-repaired-node-000041,,,"A. IX, Office-Industrial Centers. The IX zone is intended",narrative_lettered_definition,0.7,"lettered_paragraph_matches_'CODE,_Name.'_pattern",two_column,auto_detected
bridgeport-connecticut-afe7c678fa5dfc85-district-candidate-00032,I,Industrial,narrative_definition,11.0,bridgeport-connecticut-afe7c678fa5dfc85-repaired-node-000042,,,"B. I, Industrial. The I zone is intended for general industrial",narrative_lettered_definition,0.7,"lettered_paragraph_matches_'CODE,_Name.'_pattern",two_column,auto_detected
bridgeport-connecticut-afe7c678fa5dfc85-district-candidate-00033,P1,Parks and Open Space,narrative_definition,11.0,bridgeport-connecticut-afe7c678fa5dfc85-repaired-node-000043,,,"A. P1, Parks and Open Space. The P1 zone is intended",narrative_lettered_definition,0.7,"lettered_paragraph_matches_'CODE,_Name.'_pattern",two_column,auto_detected
bridgeport-connecticut-afe7c678fa5dfc85-district-candidate-00034,P2,Civic and Institutional Buildings,narrative_definition,11.0,bridgeport-connecticut-afe7c678fa5dfc85-repaired-node-000044,,,"B. P2, Civic and Institutional Buildings. The P2 zone",narrative_lettered_definition,0.7,"lettered_paragraph_matches_'CODE,_Name.'_pattern",two_column,auto_detected
bridgeport-connecticut-afe7c678fa5dfc85-district-candidate-00035,P3,Institutional Campuses,narrative_definition,11.0,bridgeport-connecticut-afe7c678fa5dfc85-repaired-node-000045,,,"C. P3, Institutional Campuses. The P3 zone is intended",narrative_lettered_definition,0.7,"lettered_paragraph_matches_'CODE,_Name.'_pattern",two_column,auto_detected
bridgeport-connecticut-afe7c678fa5dfc85-district-candidate-00036,P4,Utility and Energy Infrastructure,narrative_definition,11.0,bridgeport-connecticut-afe7c678fa5dfc85-repaired-node-000046,,,"D. P4, Utility and Energy Infrastructure. The P4 zone",narrative_lettered_definition,0.7,"lettered_paragraph_matches_'CODE,_Name.'_pattern",two_column,auto_detected
bridgeport-connecticut-afe7c678fa5dfc85-district-candidate-00037,P5,Detention and Correction Facilities,narrative_definition,11.0,bridgeport-connecticut-afe7c678fa5dfc85-repaired-node-000047,,,"E. P5, Detention and Correction Facilities. The P5 zone",narrative_lettered_definition,0.7,"lettered_paragraph_matches_'CODE,_Name.'_pattern",two_column,auto_detected
bridgeport-connecticut-afe7c678fa5dfc85-district-candidate-00038,CX,I with Deep Setbacks,narrative_definition,188.0,bridgeport-connecticut-afe7c678fa5dfc85-repaired-node-000835,,,"B. CX, I with Deep Setbacks. For the purposes of major",narrative_lettered_definition,0.7,"lettered_paragraph_matches_'CODE,_Name.'_pattern",two_column,auto_detected
bridgeport-connecticut-afe7c678fa5dfc85-district-candidate-00039,MXN,"MX1, RX1, and DX Zones",narrative_definition,243.0,bridgeport-connecticut-afe7c678fa5dfc85-repaired-node-001340,,,"C. MXN, MX1, RX1, and DX Zones. In the MXN, MX1, RX1,",narrative_lettered_definition,0.7,"lettered_paragraph_matches_'CODE,_Name.'_pattern",two_column,auto_detected
bridgeport-connecticut-afe7c678fa5dfc85-district-candidate-00040,MX2,"RX2, CX, IX, I, and P Zones",narrative_definition,243.0,bridgeport-connecticut-afe7c678fa5dfc85-repaired-node-001343,,,"D. MX2, RX2, CX, IX, I, and P Zones. In MX2, RX2, CX,",narrative_lettered_definition,0.7,"lettered_paragraph_matches_'CODE,_Name.'_pattern",two_column,auto_detected
bridgeport-connecticut-afe7c678fa5dfc85-district-candidate-00041,OH,Historic Overlay,narrative_definition,12.0,bridgeport-connecticut-afe7c678fa5dfc85-repaired-node-000053,,,A. Intent. The Historic Overlay (OH) zone is intended to,narrative_overlay_intent_definition,0.85,'The_Name_(CODE)_zone'_intent-paragraph_pattern_for_overlay/special-purpose_zones,single_column,auto_detected
bridgeport-connecticut-afe7c678fa5dfc85-district-candidate-00042,CX,,table_cell,12.0,,bridgeport-connecticut-afe7c678fa5dfc85-table-012-00,,row_label='DX1' column_label='',table_cell_exact_match,0.55,exact_cell_text_match_against_already_evidenced_code,single_column,auto_detected
bridgeport-connecticut-afe7c678fa5dfc85-district-candidate-00043,CX,,table_cell,49.0,,bridgeport-connecticut-afe7c678fa5dfc85-table-049-00,,row_label='' column_label='',table_cell_exact_match,0.55,exact_cell_text_match_against_already_evidenced_code,single_column,auto_detected
bridgeport-connecticut-afe7c678fa5dfc85-district-candidate-00044,CX,,table_cell,109.0,,bridgeport-connecticut-afe7c678fa5dfc85-table-109-01,,row_label='' column_label='CX',table_cell_exact_match,0.55,exact_cell_text_match_against_already_evidenced_code,single_column,auto_detected
bridgeport-connecticut-afe7c678fa5dfc85-district-candidate-00045,CX,,table_cell,113.0,,bridgeport-connecticut-afe7c678fa5dfc85-table-113-00,,row_label='' column_label='ZONES',table_cell_exact_match,0.55,exact_cell_text_match_against_already_evidenced_code,single_column,auto_detected
bridgeport-connecticut-afe7c678fa5dfc85-district-candidate-00046,CX,,table_cell,131.0,,bridgeport-connecticut-afe7c678fa5dfc85-table-131-00,,row_label='' column_label='ZONES',table_cell_exact_match,0.55,exact_cell_text_match_against_already_evidenced_code,single_column,auto_detected
bridgeport-connecticut-afe7c678fa5dfc85-district-candidate-00047,CX,,table_cell,133.0,,bridgeport-connecticut-afe7c678fa5dfc85-table-133-00,,row_label='' column_label='ZONES',table_cell_exact_match,0.55,exact_cell_text_match_against_already_evidenced_code,single_column,auto_detected
bridgeport-connecticut-afe7c678fa5dfc85-district-candidate-00048,CX,,table_cell,219.0,,bridgeport-connecticut-afe7c678fa5dfc85-table-219-00,,row_label='BUFFER REQUIRED ON LOTS ZONED:' column_label='',table_cell_exact_match,0.55,exact_cell_text_match_against_already_evidenced_code,single_column,auto_detected
bridgeport-connecticut-afe7c678fa5dfc85-district-candidate-00049,DX1,,table_cell,12.0,,bridgeport-connecticut-afe7c678fa5dfc85-table-012-00,,row_label='DX1' column_label='MIXED-USE & COMMERCIAL ZONES',table_cell_exact_match,0.55,exact_cell_text_match_against_already_evidenced_code,single_column,auto_detected
bridgeport-connecticut-afe7c678fa5dfc85-district-candidate-00050,DX2,,table_cell,12.0,,bridgeport-connecticut-afe7c678fa5dfc85-table-012-00,,row_label='DX1' column_label='',table_cell_exact_match,0.55,exact_cell_text_match_against_already_evidenced_code,single_column,auto_detected
bridgeport-connecticut-afe7c678fa5dfc85-district-candidate-00051,DX2,,table_cell,47.0,,bridgeport-connecticut-afe7c678fa5dfc85-table-047-01,,row_label='' column_label='ZONES',table_cell_exact_match,0.55,exact_cell_text_match_against_already_evidenced_code,single_column,auto_detected
bridgeport-connecticut-afe7c678fa5dfc85-district-candidate-00052,DX2,,table_cell,49.0,,bridgeport-connecticut-afe7c678fa5dfc85-table-049-00,,row_label='' column_label='[table continued from previous page] [table continued from previous page]',table_cell_exact_match,0.55,exact_cell_text_match_against_already_evidenced_code,single_column,auto_detected
bridgeport-connecticut-afe7c678fa5dfc85-district-candidate-00053,DX2,,table_cell,172.0,,bridgeport-connecticut-afe7c678fa5dfc85-table-172-00,,row_label='' column_label='',table_cell_exact_match,0.55,exact_cell_text_match_against_already_evidenced_code,multi_column_or_complex,auto_detected
bridgeport-connecticut-afe7c678fa5dfc85-district-candidate-00054,I,,table_cell,12.0,,bridgeport-connecticut-afe7c678fa5dfc85-table-012-00,,row_label='DX1' column_label='',table_cell_exact_match,0.55,exact_cell_text_match_against_already_evidenced_code,single_column,auto_detected
bridgeport-connecticut-afe7c678fa5dfc85-district-candidate-00055,I,,table_cell,113.0,,bridgeport-connecticut-afe7c678fa5dfc85-table-113-00,,row_label='' column_label='',table_cell_exact_match,0.55,exact_cell_text_match_against_already_evidenced_code,single_column,auto_detected
bridgeport-connecticut-afe7c678fa5dfc85-district-candidate-00056,I,,table_cell,131.0,,bridgeport-connecticut-afe7c678fa5dfc85-table-131-00,,row_label='' column_label='',table_cell_exact_match,0.55,exact_cell_text_match_against_already_evidenced_code,single_column,auto_detected
bridgeport-connecticut-afe7c678fa5dfc85-district-candidate-00057,I,,table_cell,133.0,,bridgeport-connecticut-afe7c678fa5dfc85-table-133-00,,row_label='' column_label='',table_cell_exact_match,0.55,exact_cell_text_match_against_already_evidenced_code,single_column,auto_detected
bridgeport-connecticut-afe7c678fa5dfc85-district-candidate-00058,I,,table_cell,219.0,,bridgeport-connecticut-afe7c678fa5dfc85-table-219-00,,row_label='BUFFER REQUIRED ON LOTS ZONED:' column_label='',table_cell_exact_match,0.55,exact_cell_text_match_against_already_evidenced_code,single_column,auto_detected
bridgeport-connecticut-afe7c678fa5dfc85-district-candidate-00059,IX,,table_cell,12.0,,bridgeport-connecticut-afe7c678fa5dfc85-table-012-00,,row_label='DX1' column_label='INDUSTRIAL\nZONES',table_cell_exact_match,0.55,exact_cell_text_match_against_already_evidenced_code,single_column,auto_detected
bridgeport-connecticut-afe7c678fa5dfc85-district-candidate-00060,IX,,table_cell,219.0,,bridgeport-connecticut-afe7c678fa5dfc85-table-219-00,,row_label='BUFFER REQUIRED ON LOTS ZONED:' column_label='',table_cell_exact_match,0.55,exact_cell_text_match_against_already_evidenced_code,single_column,auto_detected
bridgeport-connecticut-afe7c678fa5dfc85-district-candidate-00061,MX1,,table_cell,12.0,,bridgeport-connecticut-afe7c678fa5dfc85-table-012-00,,row_label='DX1' column_label='',table_cell_exact_match,0.55,exact_cell_text_match_against_already_evidenced_code,single_column,auto_detected
bridgeport-connecticut-afe7c678fa5dfc85-district-candidate-00062,MX2,,table_cell,12.0,,bridgeport-connecticut-afe7c678fa5dfc85-table-012-00,,row_label='DX1' column_label='',table_cell_exact_match,0.55,exact_cell_text_match_against_already_evidenced_code,single_column,auto_detected
bridgeport-connecticut-afe7c678fa5dfc85-district-candidate-00063,MX2,,table_cell,125.0,,bridgeport-connecticut-afe7c678fa5dfc85-table-125-00,,row_label='' column_label='',table_cell_exact_match,0.55,exact_cell_text_match_against_already_evidenced_code,single_column,auto_detected
bridgeport-connecticut-afe7c678fa5dfc85-district-candidate-00064,MX2,,table_cell,127.0,,bridgeport-connecticut-afe7c678fa5dfc85-table-127-00,,row_label='' column_label='',table_cell_exact_match,0.55,exact_cell_text_match_against_already_evidenced_code,single_column,auto_detected
bridgeport-connecticut-afe7c678fa5dfc85-district-candidate-00065,MX2,,table_cell,219.0,,bridgeport-connecticut-afe7c678fa5dfc85-table-219-00,,row_label='BUFFER REQUIRED ON LOTS ZONED:' column_label='',table_cell_exact_match,0.55,exact_cell_text_match_against_already_evidenced_code,single_column,auto_detected
bridgeport-connecticut-afe7c678fa5dfc85-district-candidate-00066,MXN,,table_cell,12.0,,bridgeport-connecticut-afe7c678fa5dfc85-table-012-00,,row_label='DX1' column_label='',table_cell_exact_match,0.55,exact_cell_text_match_against_already_evidenced_code,single_column,auto_detected
bridgeport-connecticut-afe7c678fa5dfc85-district-candidate-00067,N1,,table_cell,77.0,,bridgeport-connecticut-afe7c678fa5dfc85-table-077-01,,row_label='' column_label='ZONES',table_cell_exact_match,0.55,exact_cell_text_match_against_already_evidenced_code,single_column,auto_detected
bridgeport-connecticut-afe7c678fa5dfc85-district-candidate-00068,N1,,table_cell,77.0,,bridgeport-connecticut-afe7c678fa5dfc85-table-077-01,,row_label='ALLOWED ACCESSORY STRUCTURES' column_label='ZONES',table_cell_exact_match,0.55,exact_cell_text_match_against_already_evidenced_code,single_column,auto_detected
bridgeport-connecticut-afe7c678fa5dfc85-district-candidate-00069,N1,,table_cell,81.0,,bridgeport-connecticut-afe7c678fa5dfc85-table-081-00,,row_label='' column_label='ZONES',table_cell_exact_match,0.55,exact_cell_text_match_against_already_evidenced_code,single_column,auto_detected
bridgeport-connecticut-afe7c678fa5dfc85-district-candidate-00070,N3,,table_cell,97.0,,bridgeport-connecticut-afe7c678fa5dfc85-table-097-00,,row_label='' column_label='ZONES',table_cell_exact_match,0.55,exact_cell_text_match_against_already_evidenced_code,single_column,auto_detected
bridgeport-connecticut-afe7c678fa5dfc85-district-candidate-00071,N4,,table_cell,100.0,,bridgeport-connecticut-afe7c678fa5dfc85-table-100-01,,row_label='' column_label='',table_cell_exact_match,0.55,exact_cell_text_match_against_already_evidenced_code,single_column,auto_detected
bridgeport-connecticut-afe7c678fa5dfc85-district-candidate-00072,N4,,table_cell,105.0,,bridgeport-connecticut-afe7c678fa5dfc85-table-105-00,,row_label='' column_label='ZONES',table_cell_exact_match,0.55,exact_cell_text_match_against_already_evidenced_code,single_column,auto_detected
bridgeport-connecticut-afe7c678fa5dfc85-district-candidate-00073,NX1,,table_cell,68.0,,bridgeport-connecticut-afe7c678fa5dfc85-table-068-00,,row_label='' column_label='',table_cell_exact_match,0.55,exact_cell_text_match_against_already_evidenced_code,single_column,auto_detected
bridgeport-connecticut-afe7c678fa5dfc85-district-candidate-00074,NX1,,table_cell,69.0,,bridgeport-connecticut-afe7c678fa5dfc85-table-069-00,,row_label='' column_label='ZON',table_cell_exact_match,0.55,exact_cell_text_match_against_already_evidenced_code,single_column,auto_detected
bridgeport-connecticut-afe7c678fa5dfc85-district-candidate-00075,NX1,,table_cell,69.0,,bridgeport-connecticut-afe7c678fa5dfc85-table-069-00,,row_label='ALLOWED ACCESSORY STRUCTURES' column_label='ZON',table_cell_exact_match,0.55,exact_cell_text_match_against_already_evidenced_code,single_column,auto_detected
bridgeport-connecticut-afe7c678fa5dfc85-district-candidate-00076,NX1,,table_cell,76.0,,bridgeport-connecticut-afe7c678fa5dfc85-table-076-02,,row_label='' column_label='',table_cell_exact_match,0.55,exact_cell_text_match_against_already_evidenced_code,single_column,auto_detected
bridgeport-connecticut-afe7c678fa5dfc85-district-candidate-00077,NX1,,table_cell,76.0,,bridgeport-connecticut-afe7c678fa5dfc85-table-076-02,,row_label='' column_label='',table_cell_exact_match,0.55,exact_cell_text_match_against_already_evidenced_code,single_column,auto_detected
bridgeport-connecticut-afe7c678fa5dfc85-district-candidate-00078,NX1,,table_cell,77.0,,bridgeport-connecticut-afe7c678fa5dfc85-table-077-01,,row_label='' column_label='',table_cell_exact_match,0.55,exact_cell_text_match_against_already_evidenced_code,single_column,auto_detected
bridgeport-connecticut-afe7c678fa5dfc85-district-candidate-00079,NX1,,table_cell,77.0,,bridgeport-connecticut-afe7c678fa5dfc85-table-077-01,,row_label='ALLOWED ACCESSORY STRUCTURES' column_label='',table_cell_exact_match,0.55,exact_cell_text_match_against_already_evidenced_code,single_column,auto_detected
bridgeport-connecticut-afe7c678fa5dfc85-district-candidate-00080,NX1,,table_cell,81.0,,bridgeport-connecticut-afe7c678fa5dfc85-table-081-00,,row_label='' column_label='',table_cell_exact_match,0.55,exact_cell_text_match_against_already_evidenced_code,single_column,auto_detected
bridgeport-connecticut-afe7c678fa5dfc85-district-candidate-00081,NX2,,table_cell,52.0,,bridgeport-connecticut-afe7c678fa5dfc85-table-052-00,,row_label='' column_label='',table_cell_exact_match,0.55,exact_cell_text_match_against_already_evidenced_code,single_column,auto_detected
bridgeport-connecticut-afe7c678fa5dfc85-district-candidate-00082,NX2,,table_cell,53.0,,bridgeport-connecticut-afe7c678fa5dfc85-table-053-01,,row_label='' column_label='ZONES',table_cell_exact_match,0.55,exact_cell_text_match_against_already_evidenced_code,single_column,auto_detected
bridgeport-connecticut-afe7c678fa5dfc85-district-candidate-00083,NX2,,table_cell,53.0,,bridgeport-connecticut-afe7c678fa5dfc85-table-053-01,,row_label='ALLOWED ACCESSORY STRUCTURES' column_label='ZONES',table_cell_exact_match,0.55,exact_cell_text_match_against_already_evidenced_code,single_column,auto_detected
bridgeport-connecticut-afe7c678fa5dfc85-district-candidate-00084,NX2,,table_cell,57.0,,bridgeport-connecticut-afe7c678fa5dfc85-table-057-00,,row_label='' column_label='ZONES',table_cell_exact_match,0.55,exact_cell_text_match_against_already_evidenced_code,single_column,auto_detected
bridgeport-connecticut-afe7c678fa5dfc85-district-candidate-00085,NX2,,table_cell,60.0,,bridgeport-connecticut-afe7c678fa5dfc85-table-060-01,,row_label='' column_label='',table_cell_exact_match,0.55,exact_cell_text_match_against_already_evidenced_code,single_column,auto_detected
bridgeport-connecticut-afe7c678fa5dfc85-district-candidate-00086,NX2,,table_cell,69.0,,bridgeport-connecticut-afe7c678fa5dfc85-table-069-00,,row_label='' column_label='',table_cell_exact_match,0.55,exact_cell_text_match_against_already_evidenced_code,single_column,auto_detected
bridgeport-connecticut-afe7c678fa5dfc85-district-candidate-00087,NX2,,table_cell,69.0,,bridgeport-connecticut-afe7c678fa5dfc85-table-069-00,,row_label='ALLOWED ACCESSORY STRUCTURES' column_label='',table_cell_exact_match,0.55,exact_cell_text_match_against_already_evidenced_code,single_column,auto_detected
bridgeport-connecticut-afe7c678fa5dfc85-district-candidate-00088,NX2,,table_cell,77.0,,bridgeport-connecticut-afe7c678fa5dfc85-table-077-01,,row_label='' column_label='',table_cell_exact_match,0.55,exact_cell_text_match_against_already_evidenced_code,single_column,auto_detected
bridgeport-connecticut-afe7c678fa5dfc85-district-candidate-00089,NX2,,table_cell,77.0,,bridgeport-connecticut-afe7c678fa5dfc85-table-077-01,,row_label='ALLOWED ACCESSORY STRUCTURES' column_label='',table_cell_exact_match,0.55,exact_cell_text_match_against_already_evidenced_code,single_column,auto_detected
bridgeport-connecticut-afe7c678fa5dfc85-district-candidate-00090,NX2,,table_cell,81.0,,bridgeport-connecticut-afe7c678fa5dfc85-table-081-00,,row_label='' column_label='',table_cell_exact_match,0.55,exact_cell_text_match_against_already_evidenced_code,single_column,auto_detected
bridgeport-connecticut-afe7c678fa5dfc85-district-candidate-00091,NX3,,table_cell,44.0,,bridgeport-connecticut-afe7c678fa5dfc85-table-044-01,,row_label='' column_label='',table_cell_exact_match,0.55,exact_cell_text_match_against_already_evidenced_code,single_column,auto_detected
bridgeport-connecticut-afe7c678fa5dfc85-district-candidate-00092,NX3,,table_cell,47.0,,bridgeport-connecticut-afe7c678fa5dfc85-table-047-01,,row_label='' column_label='',table_cell_exact_match,0.55,exact_cell_text_match_against_already_evidenced_code,single_column,auto_detected
bridgeport-connecticut-afe7c678fa5dfc85-district-candidate-00093,P1,,table_cell,121.0,,bridgeport-connecticut-afe7c678fa5dfc85-table-121-00,,row_label='' column_label='',table_cell_exact_match,0.55,exact_cell_text_match_against_already_evidenced_code,single_column,auto_detected
bridgeport-connecticut-afe7c678fa5dfc85-district-candidate-00094,P1,,table_cell,219.0,,bridgeport-connecticut-afe7c678fa5dfc85-table-219-00,,row_label='BUFFER REQUIRED ON LOTS ZONED:' column_label='',table_cell_exact_match,0.55,exact_cell_text_match_against_already_evidenced_code,single_column,auto_detected
bridgeport-connecticut-afe7c678fa5dfc85-district-candidate-00095,P2,,table_cell,49.0,,bridgeport-connecticut-afe7c678fa5dfc85-table-049-00,,row_label='' column_label='',table_cell_exact_match,0.55,exact_cell_text_match_against_already_evidenced_code,single_column,auto_detected
bridgeport-connecticut-afe7c678fa5dfc85-district-candidate-00096,P2,,table_cell,121.0,,bridgeport-connecticut-afe7c678fa5dfc85-table-121-00,,row_label='' column_label='',table_cell_exact_match,0.55,exact_cell_text_match_against_already_evidenced_code,single_column,auto_detected
bridgeport-connecticut-afe7c678fa5dfc85-district-candidate-00097,P3,,table_cell,121.0,,bridgeport-connecticut-afe7c678fa5dfc85-table-121-00,,row_label='' column_label='',table_cell_exact_match,0.55,exact_cell_text_match_against_already_evidenced_code,single_column,auto_detected
bridgeport-connecticut-afe7c678fa5dfc85-district-candidate-00098,P4,,table_cell,121.0,,bridgeport-connecticut-afe7c678fa5dfc85-table-121-00,,row_label='' column_label='',table_cell_exact_match,0.55,exact_cell_text_match_against_already_evidenced_code,single_column,auto_detected
bridgeport-connecticut-afe7c678fa5dfc85-district-candidate-00099,P5,,table_cell,121.0,,bridgeport-connecticut-afe7c678fa5dfc85-table-121-00,,row_label='' column_label='',table_cell_exact_match,0.55,exact_cell_text_match_against_already_evidenced_code,single_column,auto_detected
bridgeport-connecticut-afe7c678fa5dfc85-district-candidate-00100,RX1,,table_cell,12.0,,bridgeport-connecticut-afe7c678fa5dfc85-table-012-00,,row_label='DX1' column_label='',table_cell_exact_match,0.55,exact_cell_text_match_against_already_evidenced_code,single_column,auto_detected
bridgeport-connecticut-afe7c678fa5dfc85-district-candidate-00101,RX1,,table_cell,53.0,,bridgeport-connecticut-afe7c678fa5dfc85-table-053-01,,row_label='' column_label='',table_cell_exact_match,0.55,exact_cell_text_match_against_already_evidenced_code,single_column,auto_detected
bridgeport-connecticut-afe7c678fa5dfc85-district-candidate-00102,RX1,,table_cell,53.0,,bridgeport-connecticut-afe7c678fa5dfc85-table-053-01,,row_label='ALLOWED ACCESSORY STRUCTURES' column_label='',table_cell_exact_match,0.55,exact_cell_text_match_against_already_evidenced_code,single_column,auto_detected
bridgeport-connecticut-afe7c678fa5dfc85-district-candidate-00103,RX1,,table_cell,57.0,,bridgeport-connecticut-afe7c678fa5dfc85-table-057-00,,row_label='' column_label='',table_cell_exact_match,0.55,exact_cell_text_match_against_already_evidenced_code,single_column,auto_detected
bridgeport-connecticut-afe7c678fa5dfc85-district-candidate-00104,RX1,,table_cell,219.0,,bridgeport-connecticut-afe7c678fa5dfc85-table-219-00,,row_label='BUFFER REQUIRED ON LOTS ZONED:' column_label='',table_cell_exact_match,0.55,exact_cell_text_match_against_already_evidenced_code,single_column,auto_detected
bridgeport-connecticut-afe7c678fa5dfc85-district-candidate-00105,RX2,,table_cell,12.0,,bridgeport-connecticut-afe7c678fa5dfc85-table-012-00,,row_label='DX1' column_label='',table_cell_exact_match,0.55,exact_cell_text_match_against_already_evidenced_code,single_column,auto_detected
bridgeport-connecticut-afe7c678fa5dfc85-district-candidate-00106,RX2,,table_cell,49.0,,bridgeport-connecticut-afe7c678fa5dfc85-table-049-00,,row_label='' column_label='',table_cell_exact_match,0.55,exact_cell_text_match_against_already_evidenced_code,single_column,auto_detected
bridgeport-connecticut-afe7c678fa5dfc85-district-candidate-00107,RX2,,table_cell,219.0,,bridgeport-connecticut-afe7c678fa5dfc85-table-219-00,,row_label='BUFFER REQUIRED ON LOTS ZONED:' column_label='',table_cell_exact_match,0.55,exact_cell_text_match_against_already_evidenced_code,single_column,auto_detected
bridgeport-connecticut-afe7c678fa5dfc85-district-candidate-00108,RX1,,general_rule_mention,10.0,,,,"RX1, Residential-Office Corridor. The RX1 zone is",prose_mention_near_zone_keyword,0.4,already_evidenced_code_mentioned_near_zone/district_keyword,two_column,auto_detected
bridgeport-connecticut-afe7c678fa5dfc85-district-candidate-00109,NX2,,general_rule_mention,11.0,,,,"NX2, Neighborhood Mix. The NX2 zone is intended to",prose_mention_near_zone_keyword,0.4,already_evidenced_code_mentioned_near_zone/district_keyword,two_column,auto_detected
bridgeport-connecticut-afe7c678fa5dfc85-district-candidate-00110,I,,general_rule_mention,11.0,,,,"zoning ordinance refers to “industrial” zones or “I” zones, it is",prose_mention_near_zone_keyword,0.4,already_evidenced_code_mentioned_near_zone/district_keyword,two_column,auto_detected
bridgeport-connecticut-afe7c678fa5dfc85-district-candidate-00111,OH,,general_rule_mention,12.0,,,,All buildings and sites within the OH zone must be,prose_mention_near_zone_keyword,0.4,already_evidenced_code_mentioned_near_zone/district_keyword,single_column,auto_detected
bridgeport-connecticut-afe7c678fa5dfc85-district-candidate-00113,OH,,general_rule_mention,13.0,,,,"structure located within an OH zone may not be erected,",prose_mention_near_zone_keyword,0.4,already_evidenced_code_mentioned_near_zone/district_keyword,single_column,auto_detected
bridgeport-connecticut-afe7c678fa5dfc85-district-candidate-00115,I,,general_rule_mention,17.0,,,,or interior yard except as allowed in any IX and I zone,prose_mention_near_zone_keyword,0.4,already_evidenced_code_mentioned_near_zone/district_keyword,multi_column_or_complex,auto_detected
bridgeport-connecticut-afe7c678fa5dfc85-district-candidate-00116,IX,,general_rule_mention,17.0,,,,or interior yard except as allowed in any IX and I zone,prose_mention_near_zone_keyword,0.4,already_evidenced_code_mentioned_near_zone/district_keyword,multi_column_or_complex,auto_detected
bridgeport-connecticut-afe7c678fa5dfc85-district-candidate-00119,CX,,general_rule_mention,17.0,,,,"(b) Any MX1, MX2, RX2, CX, IX, or I zoned through-",prose_mention_near_zone_keyword,0.4,already_evidenced_code_mentioned_near_zone/district_keyword,multi_column_or_complex,auto_detected
bridgeport-connecticut-afe7c678fa5dfc85-district-candidate-00122,MX1,,general_rule_mention,17.0,,,,"(b) Any MX1, MX2, RX2, CX, IX, or I zoned through-",prose_mention_near_zone_keyword,0.4,already_evidenced_code_mentioned_near_zone/district_keyword,multi_column_or_complex,auto_detected
bridgeport-connecticut-afe7c678fa5dfc85-district-candidate-00123,MX2,,general_rule_mention,17.0,,,,"(b) Any MX1, MX2, RX2, CX, IX, or I zoned through-",prose_mention_near_zone_keyword,0.4,already_evidenced_code_mentioned_near_zone/district_keyword,multi_column_or_complex,auto_detected
bridgeport-connecticut-afe7c678fa5dfc85-district-candidate-00124,RX2,,general_rule_mention,17.0,,,,"(b) Any MX1, MX2, RX2, CX, IX, or I zoned through-",prose_mention_near_zone_keyword,0.4,already_evidenced_code_mentioned_near_zone/district_keyword,multi_column_or_complex,auto_detected
bridgeport-connecticut-afe7c678fa5dfc85-district-candidate-00125,NX1,,general_rule_mention,17.0,,,,"lot facing any N, NX1, or NX2 zone across a",prose_mention_near_zone_keyword,0.4,already_evidenced_code_mentioned_near_zone/district_keyword,multi_column_or_complex,auto_detected
bridgeport-connecticut-afe7c678fa5dfc85-district-candidate-00126,NX2,,general_rule_mention,17.0,,,,"lot facing any N, NX1, or NX2 zone across a",prose_mention_near_zone_keyword,0.4,already_evidenced_code_mentioned_near_zone/district_keyword,multi_column_or_complex,auto_detected
bridgeport-connecticut-afe7c678fa5dfc85-district-candidate-00127,NX1,,general_rule_mention,18.0,,,,"from an N, NX1, or NX2 zone primary",prose_mention_near_zone_keyword,0.4,already_evidenced_code_mentioned_near_zone/district_keyword,multi_column_or_complex,auto_detected
bridgeport-connecticut-afe7c678fa5dfc85-district-candidate-00128,NX2,,general_rule_mention,18.0,,,,"from an N, NX1, or NX2 zone primary",prose_mention_near_zone_keyword,0.4,already_evidenced_code_mentioned_near_zone/district_keyword,multi_column_or_complex,auto_detected
bridgeport-connecticut-afe7c678fa5dfc85-district-candidate-00129,DX2,,general_rule_mention,25.0,,,,"frontage facing a DX2, P2, or RX zone may use DX2",prose_mention_near_zone_keyword,0.4,already_evidenced_code_mentioned_near_zone/district_keyword,single_column,auto_detected
bridgeport-connecticut-afe7c678fa5dfc85-district-candidate-00130,P2,,general_rule_mention,25.0,,,,"frontage facing a DX2, P2, or RX zone may use DX2",prose_mention_near_zone_keyword,0.4,already_evidenced_code_mentioned_near_zone/district_keyword,single_column,auto_detected
bridgeport-connecticut-afe7c678fa5dfc85-district-candidate-00131,CX,,general_rule_mention,108.0,,,,CX ZONE LOT,prose_mention_near_zone_keyword,0.4,already_evidenced_code_mentioned_near_zone/district_keyword,single_column,auto_detected
bridgeport-connecticut-afe7c678fa5dfc85-district-candidate-00133,I,,general_rule_mention,108.0,,,,I ZONE LOT,prose_mention_near_zone_keyword,0.4,already_evidenced_code_mentioned_near_zone/district_keyword,single_column,auto_detected
bridgeport-connecticut-afe7c678fa5dfc85-district-candidate-00135,CX,,general_rule_mention,109.0,,,,CX ZONE LOT,prose_mention_near_zone_keyword,0.4,already_evidenced_code_mentioned_near_zone/district_keyword,single_column,auto_detected
bridgeport-connecticut-afe7c678fa5dfc85-district-candidate-00137,I,,general_rule_mention,109.0,,,,I ZONE LOT,prose_mention_near_zone_keyword,0.4,already_evidenced_code_mentioned_near_zone/district_keyword,single_column,auto_detected
bridgeport-connecticut-afe7c678fa5dfc85-district-candidate-00139,P3,,general_rule_mention,121.0,,,,P3 zone requires approval of a development plan by the,prose_mention_near_zone_keyword,0.4,already_evidenced_code_mentioned_near_zone/district_keyword,single_column,auto_detected
bridgeport-connecticut-afe7c678fa5dfc85-district-candidate-00140,RX1,,general_rule_mention,134.0,,,,"N, NX, and RX1 Zone Regulations. The following",prose_mention_near_zone_keyword,0.4,already_evidenced_code_mentioned_near_zone/district_keyword,multi_column_or_complex,auto_detected
bridgeport-connecticut-afe7c678fa5dfc85-district-candidate-00142,CX,,general_rule_mention,135.0,,,,"CX, RX2, P2, and P3 zones. See 3.170.4 for parking",prose_mention_near_zone_keyword,0.4,already_evidenced_code_mentioned_near_zone/district_keyword,two_column,auto_detected
bridgeport-connecticut-afe7c678fa5dfc85-district-candidate-00143,P2,,general_rule_mention,135.0,,,,"CX, RX2, P2, and P3 zones. See 3.170.4 for parking",prose_mention_near_zone_keyword,0.4,already_evidenced_code_mentioned_near_zone/district_keyword,two_column,auto_detected
bridgeport-connecticut-afe7c678fa5dfc85-district-candidate-00144,P3,,general_rule_mention,135.0,,,,"CX, RX2, P2, and P3 zones. See 3.170.4 for parking",prose_mention_near_zone_keyword,0.4,already_evidenced_code_mentioned_near_zone/district_keyword,two_column,auto_detected
bridgeport-connecticut-afe7c678fa5dfc85-district-candidate-00145,RX2,,general_rule_mention,135.0,,,,"CX, RX2, P2, and P3 zones. See 3.170.4 for parking",prose_mention_near_zone_keyword,0.4,already_evidenced_code_mentioned_near_zone/district_keyword,two_column,auto_detected
bridgeport-connecticut-afe7c678fa5dfc85-district-candidate-00146,P1,,general_rule_mention,135.0,,,,P1 and P4 Zone Regulations. Outbuildings and garages,prose_mention_near_zone_keyword,0.4,already_evidenced_code_mentioned_near_zone/district_keyword,two_column,auto_detected
bridgeport-connecticut-afe7c678fa5dfc85-district-candidate-00147,P4,,general_rule_mention,135.0,,,,P1 and P4 Zone Regulations. Outbuildings and garages,prose_mention_near_zone_keyword,0.4,already_evidenced_code_mentioned_near_zone/district_keyword,two_column,auto_detected
bridgeport-connecticut-afe7c678fa5dfc85-district-candidate-00150,I,,general_rule_mention,138.0,,,,"feet on lots of at least 5 acres in the I zones, 12 feet",prose_mention_near_zone_keyword,0.4,already_evidenced_code_mentioned_near_zone/district_keyword,multi_column_or_complex,auto_detected
bridgeport-connecticut-afe7c678fa5dfc85-district-candidate-00151,DX1,,general_rule_mention,151.0,,,,"from DX1, DX2, RX1, RX2, and PDD zones by a",prose_mention_near_zone_keyword,0.4,already_evidenced_code_mentioned_near_zone/district_keyword,two_column,auto_detected
bridgeport-connecticut-afe7c678fa5dfc85-district-candidate-00152,DX2,,general_rule_mention,151.0,,,,"from DX1, DX2, RX1, RX2, and PDD zones by a",prose_mention_near_zone_keyword,0.4,already_evidenced_code_mentioned_near_zone/district_keyword,two_column,auto_detected
bridgeport-connecticut-afe7c678fa5dfc85-district-candidate-00153,RX1,,general_rule_mention,151.0,,,,"from DX1, DX2, RX1, RX2, and PDD zones by a",prose_mention_near_zone_keyword,0.4,already_evidenced_code_mentioned_near_zone/district_keyword,two_column,auto_detected
bridgeport-connecticut-afe7c678fa5dfc85-district-candidate-00154,RX2,,general_rule_mention,151.0,,,,"from DX1, DX2, RX1, RX2, and PDD zones by a",prose_mention_near_zone_keyword,0.4,already_evidenced_code_mentioned_near_zone/district_keyword,two_column,auto_detected
bridgeport-connecticut-afe7c678fa5dfc85-district-candidate-00155,DX1,,general_rule_mention,160.0,,,,"RX2, MX1, MX2, DX1, and DX2 zoning districts",prose_mention_near_zone_keyword,0.4,already_evidenced_code_mentioned_near_zone/district_keyword,multi_column_or_complex,auto_detected
bridgeport-connecticut-afe7c678fa5dfc85-district-candidate-00156,DX2,,general_rule_mention,160.0,,,,"RX2, MX1, MX2, DX1, and DX2 zoning districts",prose_mention_near_zone_keyword,0.4,already_evidenced_code_mentioned_near_zone/district_keyword,multi_column_or_complex,auto_detected
bridgeport-connecticut-afe7c678fa5dfc85-district-candidate-00157,MX1,,general_rule_mention,160.0,,,,"RX2, MX1, MX2, DX1, and DX2 zoning districts",prose_mention_near_zone_keyword,0.4,already_evidenced_code_mentioned_near_zone/district_keyword,multi_column_or_complex,auto_detected
bridgeport-connecticut-afe7c678fa5dfc85-district-candidate-00158,MX2,,general_rule_mention,160.0,,,,"RX2, MX1, MX2, DX1, and DX2 zoning districts",prose_mention_near_zone_keyword,0.4,already_evidenced_code_mentioned_near_zone/district_keyword,multi_column_or_complex,auto_detected
bridgeport-connecticut-afe7c678fa5dfc85-district-candidate-00159,RX2,,general_rule_mention,160.0,,,,"RX2, MX1, MX2, DX1, and DX2 zoning districts",prose_mention_near_zone_keyword,0.4,already_evidenced_code_mentioned_near_zone/district_keyword,multi_column_or_complex,auto_detected
bridgeport-connecticut-afe7c678fa5dfc85-district-candidate-00160,NX1,,general_rule_mention,169.0,,,,"except in N, NX1, and NX2 zones, minimum",prose_mention_near_zone_keyword,0.4,already_evidenced_code_mentioned_near_zone/district_keyword,multi_column_or_complex,auto_detected
bridgeport-connecticut-afe7c678fa5dfc85-district-candidate-00161,NX2,,general_rule_mention,169.0,,,,"except in N, NX1, and NX2 zones, minimum",prose_mention_near_zone_keyword,0.4,already_evidenced_code_mentioned_near_zone/district_keyword,multi_column_or_complex,auto_detected
bridgeport-connecticut-afe7c678fa5dfc85-district-candidate-00162,MXN,,general_rule_mention,173.0,,,,with the exception of MXN zones.,prose_mention_near_zone_keyword,0.4,already_evidenced_code_mentioned_near_zone/district_keyword,multi_column_or_complex,auto_detected
bridgeport-connecticut-afe7c678fa5dfc85-district-candidate-00164,MX1,,general_rule_mention,173.0,,,,"addition to the required MX1 zone, at least one RX or NX",prose_mention_near_zone_keyword,0.4,already_evidenced_code_mentioned_near_zone/district_keyword,multi_column_or_complex,auto_detected
bridgeport-connecticut-afe7c678fa5dfc85-district-candidate-00169,MX2,,general_rule_mention,173.0,,,,"MX1 or MX2 zones. MXN is an exception to this rule,",prose_mention_near_zone_keyword,0.4,already_evidenced_code_mentioned_near_zone/district_keyword,multi_column_or_complex,auto_detected
bridgeport-connecticut-afe7c678fa5dfc85-district-candidate-00171,RX2,,general_rule_mention,174.0,,,,RX2 Zone. At least 35% of the MPD lot area must,prose_mention_near_zone_keyword,0.4,already_evidenced_code_mentioned_near_zone/district_keyword,multi_column_or_complex,auto_detected
bridgeport-connecticut-afe7c678fa5dfc85-district-candidate-00172,MX2,,general_rule_mention,174.0,,,,"MX2 Zone. When at least 60,000 square feet total",prose_mention_near_zone_keyword,0.4,already_evidenced_code_mentioned_near_zone/district_keyword,multi_column_or_complex,auto_detected
bridgeport-connecticut-afe7c678fa5dfc85-district-candidate-00174,P2,,general_rule_mention,174.0,,,,"20% of the lot area. The use of the P2 zone, by",prose_mention_near_zone_keyword,0.4,already_evidenced_code_mentioned_near_zone/district_keyword,multi_column_or_complex,auto_detected
bridgeport-connecticut-afe7c678fa5dfc85-district-candidate-00175,MX1,,general_rule_mention,174.0,,,,"MX1 or MXN Zone. A maximum of 60,000 square",prose_mention_near_zone_keyword,0.4,already_evidenced_code_mentioned_near_zone/district_keyword,multi_column_or_complex,auto_detected
bridgeport-connecticut-afe7c678fa5dfc85-district-candidate-00176,MXN,,general_rule_mention,174.0,,,,"MX1 or MXN Zone. A maximum of 60,000 square",prose_mention_near_zone_keyword,0.4,already_evidenced_code_mentioned_near_zone/district_keyword,multi_column_or_complex,auto_detected
bridgeport-connecticut-afe7c678fa5dfc85-district-candidate-00180,DX2,,general_rule_mention,174.0,,,,DX2 Zone. At least 25% of the MPD lot area must,prose_mention_near_zone_keyword,0.4,already_evidenced_code_mentioned_near_zone/district_keyword,multi_column_or_complex,auto_detected
bridgeport-connecticut-afe7c678fa5dfc85-district-candidate-00183,NX3,,general_rule_mention,174.0,,,,NX3 or RX1 Zone. At least 60% of the MPD site,prose_mention_near_zone_keyword,0.4,already_evidenced_code_mentioned_near_zone/district_keyword,multi_column_or_complex,auto_detected
bridgeport-connecticut-afe7c678fa5dfc85-district-candidate-00184,RX1,,general_rule_mention,174.0,,,,NX3 or RX1 Zone. At least 60% of the MPD site,prose_mention_near_zone_keyword,0.4,already_evidenced_code_mentioned_near_zone/district_keyword,multi_column_or_complex,auto_detected
bridgeport-connecticut-afe7c678fa5dfc85-district-candidate-00185,DX1,,general_rule_mention,174.0,,,,"DX1 Zone. A maximum of 60,000 square feet of lot",prose_mention_near_zone_keyword,0.4,already_evidenced_code_mentioned_near_zone/district_keyword,multi_column_or_complex,auto_detected
bridgeport-connecticut-afe7c678fa5dfc85-district-candidate-00192,MXN,,general_rule_mention,175.0,,,,and MXN zones must be located on a corner or,prose_mention_near_zone_keyword,0.4,already_evidenced_code_mentioned_near_zone/district_keyword,single_column,auto_detected
bridgeport-connecticut-afe7c678fa5dfc85-district-candidate-00193,P2,,general_rule_mention,175.0,,,,"10% of the lot area. The use of the P2 zone, by",prose_mention_near_zone_keyword,0.4,already_evidenced_code_mentioned_near_zone/district_keyword,single_column,auto_detected
bridgeport-connecticut-afe7c678fa5dfc85-district-candidate-00194,N1,,general_rule_mention,175.0,,,,"N1, N2, NX1, NX2 Zones. At least 65% of the MPD",prose_mention_near_zone_keyword,0.4,already_evidenced_code_mentioned_near_zone/district_keyword,single_column,auto_detected
bridgeport-connecticut-afe7c678fa5dfc85-district-candidate-00195,N2,,general_rule_mention,175.0,,,,"N1, N2, NX1, NX2 Zones. At least 65% of the MPD",prose_mention_near_zone_keyword,0.4,already_evidenced_code_mentioned_near_zone/district_keyword,single_column,auto_detected
bridgeport-connecticut-afe7c678fa5dfc85-district-candidate-00196,NX1,,general_rule_mention,175.0,,,,"N1, N2, NX1, NX2 Zones. At least 65% of the MPD",prose_mention_near_zone_keyword,0.4,already_evidenced_code_mentioned_near_zone/district_keyword,single_column,auto_detected
bridgeport-connecticut-afe7c678fa5dfc85-district-candidate-00197,NX2,,general_rule_mention,175.0,,,,"N1, N2, NX1, NX2 Zones. At least 65% of the MPD",prose_mention_near_zone_keyword,0.4,already_evidenced_code_mentioned_near_zone/district_keyword,single_column,auto_detected
bridgeport-connecticut-afe7c678fa5dfc85-district-candidate-00199,RX1,,general_rule_mention,175.0,,,,MXN or RX1 Zone. MXN or RX1 zones are limited,prose_mention_near_zone_keyword,0.4,already_evidenced_code_mentioned_near_zone/district_keyword,single_column,auto_detected
bridgeport-connecticut-afe7c678fa5dfc85-district-candidate-00203,MX1,,general_rule_mention,176.0,,,,MX1 ZONE - STOREFRONT,prose_mention_near_zone_keyword,0.4,already_evidenced_code_mentioned_near_zone/district_keyword,single_column,auto_detected
bridgeport-connecticut-afe7c678fa5dfc85-district-candidate-00204,NX3,,general_rule_mention,176.0,,,,NX3 ZONE - GENERAL BUILDING,prose_mention_near_zone_keyword,0.4,already_evidenced_code_mentioned_near_zone/district_keyword,single_column,auto_detected
bridgeport-connecticut-afe7c678fa5dfc85-district-candidate-00206,DX2,,general_rule_mention,177.0,,,,DX2 ZONE-GENERAL BUILDING,prose_mention_near_zone_keyword,0.4,already_evidenced_code_mentioned_near_zone/district_keyword,multi_column_or_complex,auto_detected
bridgeport-connecticut-afe7c678fa5dfc85-district-candidate-00207,RX2,,general_rule_mention,177.0,,,,RX2 ZONE - GENERAL BUILDING,prose_mention_near_zone_keyword,0.4,already_evidenced_code_mentioned_near_zone/district_keyword,multi_column_or_complex,auto_detected
bridgeport-connecticut-afe7c678fa5dfc85-district-candidate-00208,CX,,general_rule_mention,191.0,,,,"IX, CX & I zone",prose_mention_near_zone_keyword,0.4,already_evidenced_code_mentioned_near_zone/district_keyword,single_column,auto_detected
bridgeport-connecticut-afe7c678fa5dfc85-district-candidate-00209,I,,general_rule_mention,191.0,,,,"IX, CX & I zone",prose_mention_near_zone_keyword,0.4,already_evidenced_code_mentioned_near_zone/district_keyword,single_column,auto_detected
bridgeport-connecticut-afe7c678fa5dfc85-district-candidate-00210,IX,,general_rule_mention,191.0,,,,"IX, CX & I zone",prose_mention_near_zone_keyword,0.4,already_evidenced_code_mentioned_near_zone/district_keyword,single_column,auto_detected
bridgeport-connecticut-afe7c678fa5dfc85-district-candidate-00211,DX1,,general_rule_mention,204.0,,,,DX1 zone as high-rise stories per 3.20.6 .,prose_mention_near_zone_keyword,0.4,already_evidenced_code_mentioned_near_zone/district_keyword,two_column,auto_detected
bridgeport-connecticut-afe7c678fa5dfc85-district-candidate-00212,DX2,,general_rule_mention,204.0,,,,DX2 zone as high-rise stories per 3.50.6 .,prose_mention_near_zone_keyword,0.4,already_evidenced_code_mentioned_near_zone/district_keyword,two_column,auto_detected
bridgeport-connecticut-afe7c678fa5dfc85-district-candidate-00213,NX1,,general_rule_mention,213.0,,,,"In any N, NX1, and NX2 zone, on-site sidewalk width",prose_mention_near_zone_keyword,0.4,already_evidenced_code_mentioned_near_zone/district_keyword,multi_column_or_complex,auto_detected
bridgeport-connecticut-afe7c678fa5dfc85-district-candidate-00214,NX2,,general_rule_mention,213.0,,,,"In any N, NX1, and NX2 zone, on-site sidewalk width",prose_mention_near_zone_keyword,0.4,already_evidenced_code_mentioned_near_zone/district_keyword,multi_column_or_complex,auto_detected
bridgeport-connecticut-afe7c678fa5dfc85-district-candidate-00217,NX1,,general_rule_mention,216.0,,,,"NX1, and NX2 zones. See 14.250 for definitions of waterway",prose_mention_near_zone_keyword,0.4,already_evidenced_code_mentioned_near_zone/district_keyword,single_column,auto_detected
bridgeport-connecticut-afe7c678fa5dfc85-district-candidate-00218,NX2,,general_rule_mention,216.0,,,,"NX1, and NX2 zones. See 14.250 for definitions of waterway",prose_mention_near_zone_keyword,0.4,already_evidenced_code_mentioned_near_zone/district_keyword,single_column,auto_detected
bridgeport-connecticut-afe7c678fa5dfc85-district-candidate-00219,P1,,general_rule_mention,217.0,,,,loading areas fronting or within a P1 zone.,prose_mention_near_zone_keyword,0.4,already_evidenced_code_mentioned_near_zone/district_keyword,multi_column_or_complex,auto_detected
bridgeport-connecticut-afe7c678fa5dfc85-district-candidate-00220,I,,general_rule_mention,218.0,,,,"storage uses in I zones, up to 8 feet in height is",prose_mention_near_zone_keyword,0.4,already_evidenced_code_mentioned_near_zone/district_keyword,single_column,auto_detected
bridgeport-connecticut-afe7c678fa5dfc85-district-candidate-00221,I,,general_rule_mention,225.0,,,,allowed except in the I zones.,prose_mention_near_zone_keyword,0.4,already_evidenced_code_mentioned_near_zone/district_keyword,multi_column_or_complex,auto_detected
bridgeport-connecticut-afe7c678fa5dfc85-district-candidate-00222,CX,,general_rule_mention,226.0,,,,"any CX or I zone, a rear yard fence up to 8 feet is",prose_mention_near_zone_keyword,0.4,already_evidenced_code_mentioned_near_zone/district_keyword,two_column,auto_detected
bridgeport-connecticut-afe7c678fa5dfc85-district-candidate-00223,I,,general_rule_mention,226.0,,,,"any CX or I zone, a rear yard fence up to 8 feet is",prose_mention_near_zone_keyword,0.4,already_evidenced_code_mentioned_near_zone/district_keyword,two_column,auto_detected
bridgeport-connecticut-afe7c678fa5dfc85-district-candidate-00224,CX,,general_rule_mention,233.0,,,,"Signs in DX, MX, CX, RX, IX, I, & P Zones ������������������������������������������������������ 9-10",prose_mention_near_zone_keyword,0.4,already_evidenced_code_mentioned_near_zone/district_keyword,single_column,auto_detected
bridgeport-connecticut-afe7c678fa5dfc85-district-candidate-00225,I,,general_rule_mention,233.0,,,,"Signs in DX, MX, CX, RX, IX, I, & P Zones ������������������������������������������������������ 9-10",prose_mention_near_zone_keyword,0.4,already_evidenced_code_mentioned_near_zone/district_keyword,single_column,auto_detected
bridgeport-connecticut-afe7c678fa5dfc85-district-candidate-00226,IX,,general_rule_mention,233.0,,,,"Signs in DX, MX, CX, RX, IX, I, & P Zones ������������������������������������������������������ 9-10",prose_mention_near_zone_keyword,0.4,already_evidenced_code_mentioned_near_zone/district_keyword,single_column,auto_detected
bridgeport-connecticut-afe7c678fa5dfc85-district-candidate-00227,CX,,general_rule_mention,242.0,,,,"Signs in DX, MX, CX, RX, IX, I, & P Zones",prose_mention_near_zone_keyword,0.4,already_evidenced_code_mentioned_near_zone/district_keyword,single_column,auto_detected
bridgeport-connecticut-afe7c678fa5dfc85-district-candidate-00228,I,,general_rule_mention,242.0,,,,"Signs in DX, MX, CX, RX, IX, I, & P Zones",prose_mention_near_zone_keyword,0.4,already_evidenced_code_mentioned_near_zone/district_keyword,single_column,auto_detected
bridgeport-connecticut-afe7c678fa5dfc85-district-candidate-00229,IX,,general_rule_mention,242.0,,,,"Signs in DX, MX, CX, RX, IX, I, & P Zones",prose_mention_near_zone_keyword,0.4,already_evidenced_code_mentioned_near_zone/district_keyword,single_column,auto_detected
bridgeport-connecticut-afe7c678fa5dfc85-district-candidate-00230,P2,,general_rule_mention,242.0,,,,stories located in a P2 Zone may exceed the area,prose_mention_near_zone_keyword,0.4,already_evidenced_code_mentioned_near_zone/district_keyword,single_column,auto_detected
bridgeport-connecticut-afe7c678fa5dfc85-district-candidate-00231,CX,,general_rule_mention,243.0,,,,"right in all DX, MX, CX, RX, IX, I, and P zones.",prose_mention_near_zone_keyword,0.4,already_evidenced_code_mentioned_near_zone/district_keyword,two_column,auto_detected
bridgeport-connecticut-afe7c678fa5dfc85-district-candidate-00232,I,,general_rule_mention,243.0,,,,"right in all DX, MX, CX, RX, IX, I, and P zones.",prose_mention_near_zone_keyword,0.4,already_evidenced_code_mentioned_near_zone/district_keyword,two_column,auto_detected
bridgeport-connecticut-afe7c678fa5dfc85-district-candidate-00233,IX,,general_rule_mention,243.0,,,,"right in all DX, MX, CX, RX, IX, I, and P zones.",prose_mention_near_zone_keyword,0.4,already_evidenced_code_mentioned_near_zone/district_keyword,two_column,auto_detected
bridgeport-connecticut-afe7c678fa5dfc85-district-candidate-00238,CX,,general_rule_mention,246.0,,,,"permit in DX, MX, RX, CX, IX, I, and P3 zones. Special",prose_mention_near_zone_keyword,0.4,already_evidenced_code_mentioned_near_zone/district_keyword,multi_column_or_complex,auto_detected
bridgeport-connecticut-afe7c678fa5dfc85-district-candidate-00239,I,,general_rule_mention,246.0,,,,"permit in DX, MX, RX, CX, IX, I, and P3 zones. Special",prose_mention_near_zone_keyword,0.4,already_evidenced_code_mentioned_near_zone/district_keyword,multi_column_or_complex,auto_detected
bridgeport-connecticut-afe7c678fa5dfc85-district-candidate-00240,IX,,general_rule_mention,246.0,,,,"permit in DX, MX, RX, CX, IX, I, and P3 zones. Special",prose_mention_near_zone_keyword,0.4,already_evidenced_code_mentioned_near_zone/district_keyword,multi_column_or_complex,auto_detected
bridgeport-connecticut-afe7c678fa5dfc85-district-candidate-00241,P3,,general_rule_mention,246.0,,,,"permit in DX, MX, RX, CX, IX, I, and P3 zones. Special",prose_mention_near_zone_keyword,0.4,already_evidenced_code_mentioned_near_zone/district_keyword,multi_column_or_complex,auto_detected
bridgeport-connecticut-afe7c678fa5dfc85-district-candidate-00242,P3,,general_rule_mention,266.0,,,,developments in the P3 zone.,prose_mention_near_zone_keyword,0.4,already_evidenced_code_mentioned_near_zone/district_keyword,multi_column_or_complex,auto_detected
bridgeport-connecticut-afe7c678fa5dfc85-district-candidate-00244,OH,,general_rule_mention,272.0,,,,properties within an OH (Historic Overlay) zone an,prose_mention_near_zone_keyword,0.4,already_evidenced_code_mentioned_near_zone/district_keyword,multi_column_or_complex,auto_detected
bridgeport-connecticut-afe7c678fa5dfc85-district-candidate-00245,OH,,general_rule_mention,274.0,,,,"respecting property within a OH (Historic Overlay) zone, the",prose_mention_near_zone_keyword,0.4,already_evidenced_code_mentioned_near_zone/district_keyword,multi_column_or_complex,auto_detected
bridgeport-connecticut-afe7c678fa5dfc85-district-candidate-00246,P2,,general_rule_mention,303.0,,,,Procedures in the P2 Zone,prose_mention_near_zone_keyword,0.4,already_evidenced_code_mentioned_near_zone/district_keyword,table_dominant,auto_detected
