district_code,word_count,outlier_type,layout_warning,confidence
OH,267,largest,False,0.9
CX,184,largest,False,0.9
NX1,64,largest,False,0.9
MXN,58,largest,False,0.9
I,53,largest,False,0.9
P3,49,largest,False,0.9
NX3,37,largest,False,0.9
DX1,33,largest,False,0.9
DX2,31,largest,False,0.9
P2,31,largest,False,0.9
P1,23,smallest,False,0.9
N3,24,smallest,False,0.9
P5,24,smallest,False,0.9
P4,25,smallest,False,0.9
RX2,25,smallest,False,0.9
MX1,26,smallest,False,0.9
IX,26,smallest,False,0.9
N1,27,smallest,False,0.9
MX2,28,smallest,False,0.9
NX4,28,smallest,False,0.9
