rule_variable,final_status,count
adu_conditions,confirmed,46
adu_permission_pathway,confirmed,46
build_to_maximum_ft,missing,28
build_to_maximum_ft,review_required,18
build_to_minimum_ft,missing,28
build_to_minimum_ft,review_required,18
frontage_requirement_ft,missing,28
frontage_requirement_ft,review_required,18
maximum_building_height_ft,missing,28
maximum_building_height_ft,review_required,18
maximum_height_stories,missing,5
maximum_height_stories,qualitative_only,23
maximum_height_stories,review_required,18
maximum_lot_coverage_pct,confirmed,28
maximum_lot_coverage_pct,review_required,18
minimum_green_area_pct,missing,28
minimum_green_area_pct,review_required,18
minimum_lot_size_sqft,missing,28
minimum_lot_size_sqft,review_required,18
minimum_lot_width_ft,confirmed,22
minimum_lot_width_ft,missing,6
minimum_lot_width_ft,review_required,18
minimum_off_street_parking_spaces_per_dwelling_unit,confirmed,46
minimum_open_space_pct,missing,28
minimum_open_space_pct,review_required,18
minimum_pervious_area_pct,missing,28
minimum_pervious_area_pct,review_required,18
multifamily_approval_pathway,missing,22
multifamily_approval_pathway,not_applicable,6
multifamily_approval_pathway,review_required,18
parking_regime,confirmed,46
summed_minimum_setbacks_ft,missing,28
summed_minimum_setbacks_ft,review_required,18
