district_code,count,min,median,max
CX,2,42.077922077922075,44.47077922077922,46.86363636363636
DX1,2,19.05357142857143,32.351461038961034,45.649350649350644
DX2,1,25.625,25.625,25.625
MX1,2,22.625,25.017857142857142,27.410714285714285
MX2,3,21.410714285714285,22.625,27.410714285714285
MXN,2,24.410714285714285,25.910714285714285,27.410714285714285
N1,1,44.375,44.375,44.375
N2,1,51.875,51.875,51.875
N3,1,45.625,45.625,45.625
N4,1,42.625,42.625,42.625
NX1,3,25.625,27.410714285714285,56.66071428571428
NX2,1,27.410714285714285,27.410714285714285,27.410714285714285
NX3,2,25.625,26.517857142857142,27.410714285714285
NX4,2,25.625,26.517857142857142,27.410714285714285
RX1,1,22.625,22.625,22.625
RX2,3,22.625,25.625,27.410714285714285
