scenario_key,town,land,placement,parking,housing_entitlement,process,R_s_baseline,coverage_fraction_baseline,1_baseline,2_equal_weight,3_land_density_heavy,4_housing_entitlement_heavy,5_process_heavy_dependency_adjusted,6_conservative_exclude_caveated_v9_buildto
Bridgeport|CX|General,Bridgeport,50.0,50.0,0.0,68.18181818181817,20.0,46.86363636363636,1.0,46.86363636363636,41.666666666666664,47.54545454545455,53.0,42.45454545454545,44.772727272727266
Bridgeport|CX|Workshop,Bridgeport,42.85714285714286,30.0,0.0,68.18181818181817,20.0,42.077922077922075,1.0,42.077922077922075,37.142857142857146,42.33116883116883,49.92857142857143,39.02597402597402,40.42780748663101
Bridgeport|DX1|Civic,Bridgeport,57.142857142857146,30.0,0.0,68.18181818181817,20.0,45.649350649350644,1.0,45.649350649350644,42.857142857142854,48.759740259740255,52.07142857142857,41.883116883116884,48.86363636363636
Bridgeport|DX1|Storefront,Bridgeport,35.714285714285715,30.0,0.0,7.5,20.0,19.05357142857143,1.0,19.05357142857143,17.5,23.946428571428573,15.482142857142858,19.392857142857142,9.558823529411764
Bridgeport|DX2|General,Bridgeport,50.0,50.0,0.0,7.5,20.0,25.625,1.0,25.625,21.428571428571427,32.375,19.625,24.25,9.375
Bridgeport|MX1|Commercial House,Bridgeport,57.142857142857146,50.0,0.0,7.5,20.0,27.410714285714285,1.0,27.410714285714285,27.5,35.589285714285715,20.69642857142857,25.67857142857143,30.625
Bridgeport|MX1|Storefront,Bridgeport,50.0,30.0,0.0,7.5,20.0,22.625,1.0,22.625,18.571428571428573,30.375,17.625,22.25,9.375
Bridgeport|MX2|Commercial Center,Bridgeport,57.142857142857146,10.0,0.0,7.5,20.0,21.410714285714285,1.0,21.410714285714285,22.5,31.589285714285715,16.69642857142857,21.67857142857143,27.205882352941178
Bridgeport|MX2|Commercial House,Bridgeport,57.142857142857146,50.0,0.0,7.5,20.0,27.410714285714285,1.0,27.410714285714285,27.5,35.589285714285715,20.69642857142857,25.67857142857143,30.625
Bridgeport|MX2|Storefront,Bridgeport,50.0,30.0,0.0,7.5,20.0,22.625,1.0,22.625,18.571428571428573,30.375,17.625,22.25,9.375
Bridgeport|MXN|Commercial House,Bridgeport,57.142857142857146,50.0,0.0,7.5,20.0,27.410714285714285,1.0,27.410714285714285,27.5,35.589285714285715,20.69642857142857,25.67857142857143,30.625
Bridgeport|MXN|Storefront,Bridgeport,57.142857142857146,30.0,0.0,7.5,20.0,24.410714285714285,1.0,24.410714285714285,25.0,33.589285714285715,18.69642857142857,23.67857142857143,27.205882352941178
Bridgeport|N1|House A,Bridgeport,50.0,70.0,0.0,52.5,20.0,44.375,1.0,44.375,40.0,45.625,46.375,39.75,39.85294117647059
Bridgeport|N2|House B,Bridgeport,50.0,50.0,0.0,82.5,20.0,51.875,1.0,51.875,50.0,51.125,60.87500000000001,46.75,51.875
Bridgeport|N3|House C,Bridgeport,55.0,70.0,0.0,52.5,20.0,45.625,1.0,45.625,43.333333333333336,47.875,47.125,40.75,46.64772727272727
Bridgeport|N4|House D,Bridgeport,55.0,50.0,0.0,52.5,20.0,42.625,1.0,42.625,41.111111111111114,45.875,45.125,38.75,43.64772727272727
Bridgeport|NX1|Double House A,Bridgeport,57.142857142857146,50.0,0.0,7.5,20.0,27.410714285714285,1.0,27.410714285714285,27.5,35.589285714285715,20.69642857142857,25.67857142857143,27.205882352941178
Bridgeport|NX1|House A,Bridgeport,50.0,50.0,0.0,7.5,20.0,25.625,1.0,25.625,25.0,32.375,19.625,24.25,21.323529411764707
Bridgeport|NX1|Row,Bridgeport,57.142857142857146,70.0,0.0,82.5,20.0,56.66071428571428,1.0,56.66071428571428,55.0,56.339285714285715,63.94642857142858,50.17857142857143,58.08823529411765
Bridgeport|NX2|Small General,Bridgeport,57.142857142857146,50.0,0.0,7.5,20.0,27.410714285714285,1.0,27.410714285714285,27.5,35.589285714285715,20.69642857142857,25.67857142857143,27.205882352941178
Bridgeport|NX3|General,Bridgeport,50.0,50.0,0.0,7.5,20.0,25.625,1.0,25.625,21.428571428571427,32.375,19.625,24.25,9.375
Bridgeport|NX3|Row,Bridgeport,57.142857142857146,50.0,0.0,7.5,20.0,27.410714285714285,1.0,27.410714285714285,27.5,35.589285714285715,20.69642857142857,25.67857142857143,27.205882352941178
Bridgeport|NX4|General,Bridgeport,50.0,50.0,0.0,7.5,20.0,25.625,1.0,25.625,21.428571428571427,32.375,19.625,24.25,9.375
Bridgeport|NX4|Row,Bridgeport,57.142857142857146,50.0,0.0,7.5,20.0,27.410714285714285,1.0,27.410714285714285,27.5,35.589285714285715,20.69642857142857,25.67857142857143,27.205882352941178
Bridgeport|RX1|Small General,Bridgeport,50.0,30.0,0.0,7.5,20.0,22.625,1.0,22.625,18.571428571428573,30.375,17.625,22.25,9.375
Bridgeport|RX2|Commercial House,Bridgeport,50.0,30.0,0.0,7.5,20.0,22.625,1.0,22.625,22.5,30.375,17.625,22.25,22.625
Bridgeport|RX2|General,Bridgeport,50.0,50.0,0.0,7.5,20.0,25.625,1.0,25.625,21.428571428571427,32.375,19.625,24.25,9.375
Bridgeport|RX2|Row,Bridgeport,57.142857142857146,50.0,0.0,7.5,20.0,27.410714285714285,1.0,27.410714285714285,27.5,35.589285714285715,20.69642857142857,25.67857142857143,27.205882352941178
Greenwich|RA-4|single_family_detached_RA4,Greenwich,100.0,100.0,,82.5,0.0,76.52777777777779,0.8999999999999999,76.52777777777779,78.75,79.60526315789474,74.07894736842104,57.631578947368425,71.83333333333333
