district_code,building_form_or_type,scenario_id,land,placement,parking,housing_entitlement,density,procedural
DX1,Storefront,bridgeport-scenario-0008,,0.19230769230769232,0.0,0.05,0.5,0.14285714285714285
MX1,Storefront,bridgeport-scenario-0009,,0.19230769230769232,0.0,0.05,0.5,0.14285714285714285
MX2,Storefront,bridgeport-scenario-0010,,0.19230769230769232,0.0,0.05,0.5,0.14285714285714285
MXN,Storefront,bridgeport-scenario-0011,,0.38461538461538464,0.0,0.05,0.5,0.14285714285714285
MX2,Commercial Center,bridgeport-scenario-0013,,0.0,0.0,0.05,0.5,0.14285714285714285
MX1,Commercial House,bridgeport-scenario-0014,,0.2,0.0,0.05,0.5,0.14285714285714285
MX2,Commercial House,bridgeport-scenario-0015,,0.2,0.0,0.05,0.5,0.14285714285714285
MXN,Commercial House,bridgeport-scenario-0016,,0.2,0.0,0.05,0.5,0.14285714285714285
RX2,Commercial House,bridgeport-scenario-0017,,0.03333333333333333,0.0,0.05,0.5,0.14285714285714285
CX,General,bridgeport-scenario-0018,,0.5,0.0,,0.5,0.14285714285714285
DX2,General,bridgeport-scenario-0019,,0.5,0.0,0.05,0.5,0.14285714285714285
NX3,General,bridgeport-scenario-0020,,0.46153846153846156,0.0,0.05,0.5,0.14285714285714285
NX4,General,bridgeport-scenario-0021,,0.5,0.0,0.05,0.5,0.14285714285714285
RX2,General,bridgeport-scenario-0022,,0.5,0.0,0.05,0.5,0.14285714285714285
NX1,Row,bridgeport-scenario-0023,,1.0,0.0,0.85,0.5,0.14285714285714285
NX3,Row,bridgeport-scenario-0024,,0.46153846153846156,0.0,0.05,0.5,0.14285714285714285
NX4,Row,bridgeport-scenario-0025,,0.46153846153846156,0.0,0.05,0.5,0.14285714285714285
RX2,Row,bridgeport-scenario-0026,,0.46153846153846156,0.0,0.05,0.5,0.14285714285714285
NX1,Double House A,bridgeport-scenario-0027,,0.46153846153846156,0.0,0.05,0.5,0.14285714285714285
N1,House A,bridgeport-scenario-0028,,1.0,0.0,0.5,0.5,0.14285714285714285
NX1,House A,bridgeport-scenario-0029,,0.46153846153846156,0.0,0.05,0.5,0.14285714285714285
N2,House B,bridgeport-scenario-0030,,0.35,0.0,0.85,0.5,0.14285714285714285
N3,House C,bridgeport-scenario-0031,0.7794117647058824,1.0,0.0,0.5,0.5,0.14285714285714285
N4,House D,bridgeport-scenario-0032,0.20588235294117646,0.35,0.0,0.5,0.5,0.14285714285714285
CX,Workshop,bridgeport-scenario-0033,,0.19230769230769232,0.0,,0.5,0.14285714285714285
DX1,Civic,bridgeport-scenario-0035,,0.0,0.0,,0.5,0.14285714285714285
NX2,Small General,bridgeport-scenario-0047,,0.46153846153846156,0.0,0.05,0.5,0.14285714285714285
RX1,Small General,bridgeport-scenario-0048,,0.2692307692307692,0.0,0.05,0.5,0.14285714285714285
