town,district_code,building_form_or_type,scenario_registry_status,variable_id,final_determination,raw_value,source_type,source_document,source_page,section_or_node_path,table_or_figure_id,row_label,column_label,source_excerpt,extraction_method,source_confidence,rationale,missingness_diagnosis,comparability_status,shared_table_cell,date_version,scenario_id,scenario_source
Bridgeport,DX1,Storefront,in_phase2_registry,V7,confirmed_allowed_by_right,No limits,manual_verified_visual_table,bridgeport_zoning_code_full_2022-01.pdf.pdf,24,3.20.9,3.20.9.ALLOWED_USES,Number of Principal Units,DX1,Number of Principal Units: No limits; Household Living: allowed_upper_stories_only,manual_direct_page_render_and_human_transcription,high_direct_human_verification,principal_units_no_limits_stated,confirmed_allowed_by_right,directly_comparable,True,2026-10-01T20:28:15.079390+00:00,bridgeport-scenario-0008,phase_2_collection_baseline
Bridgeport,DX1,Storefront,in_phase2_registry,V12,confirmed_entitlement_present,No limits,manual_verified_visual_table,bridgeport_zoning_code_full_2022-01.pdf.pdf,24,3.20.9,3.20.9.ALLOWED_USES,Number of Principal Units,DX1,Number of Principal Units: No limits; Household Living: allowed_upper_stories_only,manual_direct_page_render_and_human_transcription,high_direct_human_verification,no_limits_necessarily_spans_2_4_unit_range,confirmed_entitlement_present,directly_comparable,True,2026-10-01T20:28:15.079390+00:00,bridgeport-scenario-0008,phase_2_collection_baseline
Bridgeport,MX1,Storefront,in_phase2_registry,V7,confirmed_allowed_by_right,No limits,manual_verified_visual_table,bridgeport_zoning_code_full_2022-01.pdf.pdf,24,3.20.9,3.20.9.ALLOWED_USES,Number of Principal Units,MX1,Number of Principal Units: No limits; Household Living: allowed_upper_stories_only,manual_direct_page_render_and_human_transcription,high_direct_human_verification,principal_units_no_limits_stated,confirmed_allowed_by_right,directly_comparable,True,2026-10-01T20:28:15.079390+00:00,bridgeport-scenario-0009,phase_2_collection_baseline
Bridgeport,MX1,Storefront,in_phase2_registry,V12,confirmed_entitlement_present,No limits,manual_verified_visual_table,bridgeport_zoning_code_full_2022-01.pdf.pdf,24,3.20.9,3.20.9.ALLOWED_USES,Number of Principal Units,MX1,Number of Principal Units: No limits; Household Living: allowed_upper_stories_only,manual_direct_page_render_and_human_transcription,high_direct_human_verification,no_limits_necessarily_spans_2_4_unit_range,confirmed_entitlement_present,directly_comparable,True,2026-10-01T20:28:15.079390+00:00,bridgeport-scenario-0009,phase_2_collection_baseline
Bridgeport,MX2,Storefront,in_phase2_registry,V7,confirmed_allowed_by_right,No limits,manual_verified_visual_table,bridgeport_zoning_code_full_2022-01.pdf.pdf,24,3.20.9,3.20.9.ALLOWED_USES,Number of Principal Units,MX2,Number of Principal Units: No limits; Household Living: allowed_upper_stories_only,manual_direct_page_render_and_human_transcription,high_direct_human_verification,principal_units_no_limits_stated,confirmed_allowed_by_right,directly_comparable,True,2026-10-01T20:28:15.079390+00:00,bridgeport-scenario-0010,phase_2_collection_baseline
Bridgeport,MX2,Storefront,in_phase2_registry,V12,confirmed_entitlement_present,No limits,manual_verified_visual_table,bridgeport_zoning_code_full_2022-01.pdf.pdf,24,3.20.9,3.20.9.ALLOWED_USES,Number of Principal Units,MX2,Number of Principal Units: No limits; Household Living: allowed_upper_stories_only,manual_direct_page_render_and_human_transcription,high_direct_human_verification,no_limits_necessarily_spans_2_4_unit_range,confirmed_entitlement_present,directly_comparable,True,2026-10-01T20:28:15.079390+00:00,bridgeport-scenario-0010,phase_2_collection_baseline
Bridgeport,MXN,Storefront,in_phase2_registry,V7,confirmed_allowed_by_right,8 max.,manual_verified_visual_table,bridgeport_zoning_code_full_2022-01.pdf.pdf,24,3.20.9,3.20.9.ALLOWED_USES,Number of Principal Units,MXN,Number of Principal Units: 8 max.; Household Living: allowed_upper_stories_only,manual_direct_page_render_and_human_transcription,high_direct_human_verification,stated_by_right_ceiling_or_floor=8,confirmed_allowed_by_right,directly_comparable,False,2026-10-01T20:28:15.079390+00:00,bridgeport-scenario-0011,phase_2_collection_baseline
Bridgeport,MXN,Storefront,in_phase2_registry,V12,confirmed_entitlement_present,8 max.,manual_verified_visual_table,bridgeport_zoning_code_full_2022-01.pdf.pdf,24,3.20.9,3.20.9.ALLOWED_USES,Number of Principal Units,MXN,Number of Principal Units: 8 max.; Household Living: allowed_upper_stories_only,manual_direct_page_render_and_human_transcription,high_direct_human_verification,principal_by_right=8_plus_accessory_by_right=0_total=8_exceeds_4_but_includes_2_4_subrange_by_right,confirmed_entitlement_present,directly_comparable,False,2026-10-01T20:28:15.079390+00:00,bridgeport-scenario-0011,phase_2_collection_baseline
Bridgeport,MX2,Commercial Center,in_phase2_registry,V7,confirmed_allowed_by_right,No limits,manual_verified_visual_table,bridgeport_zoning_code_full_2022-01.pdf.pdf,32,3.30.9,3.30.9.ALLOWED_USES,Number of Principal Units,MX2,Number of Principal Units: No limits; Household Living: allowed_upper_stories_only,manual_direct_page_render_and_human_transcription,high_direct_human_verification,principal_units_no_limits_stated,confirmed_allowed_by_right,directly_comparable,False,2026-10-01T20:28:15.079390+00:00,bridgeport-scenario-0013,phase_2_collection_baseline
Bridgeport,MX2,Commercial Center,in_phase2_registry,V12,confirmed_entitlement_present,No limits,manual_verified_visual_table,bridgeport_zoning_code_full_2022-01.pdf.pdf,32,3.30.9,3.30.9.ALLOWED_USES,Number of Principal Units,MX2,Number of Principal Units: No limits; Household Living: allowed_upper_stories_only,manual_direct_page_render_and_human_transcription,high_direct_human_verification,no_limits_necessarily_spans_2_4_unit_range,confirmed_entitlement_present,directly_comparable,False,2026-10-01T20:28:15.079390+00:00,bridgeport-scenario-0013,phase_2_collection_baseline
Bridgeport,MX1,Commercial House,in_phase2_registry,V7,confirmed_allowed_by_right,No limits,manual_verified_visual_table,bridgeport_zoning_code_full_2022-01.pdf.pdf,40,3.40.9,3.40.9.ALLOWED_USES,Number of Principal Units,MX1,Number of Principal Units: No limits; Household Living: allowed_upper_stories_only,manual_direct_page_render_and_human_transcription,high_direct_human_verification,principal_units_no_limits_stated,confirmed_allowed_by_right,directly_comparable,False,2026-10-01T20:28:15.079390+00:00,bridgeport-scenario-0014,phase_2_collection_baseline
Bridgeport,MX1,Commercial House,in_phase2_registry,V12,confirmed_entitlement_present,No limits,manual_verified_visual_table,bridgeport_zoning_code_full_2022-01.pdf.pdf,40,3.40.9,3.40.9.ALLOWED_USES,Number of Principal Units,MX1,Number of Principal Units: No limits; Household Living: allowed_upper_stories_only,manual_direct_page_render_and_human_transcription,high_direct_human_verification,no_limits_necessarily_spans_2_4_unit_range,confirmed_entitlement_present,directly_comparable,False,2026-10-01T20:28:15.079390+00:00,bridgeport-scenario-0014,phase_2_collection_baseline
Bridgeport,MX2,Commercial House,in_phase2_registry,V7,confirmed_allowed_by_right,No limits,manual_verified_visual_table,bridgeport_zoning_code_full_2022-01.pdf.pdf,40,3.40.9,3.40.9.ALLOWED_USES,Number of Principal Units,MX2,Number of Principal Units: No limits; Household Living: allowed_upper_stories_only,manual_direct_page_render_and_human_transcription,high_direct_human_verification,principal_units_no_limits_stated,confirmed_allowed_by_right,directly_comparable,False,2026-10-01T20:28:15.079390+00:00,bridgeport-scenario-0015,phase_2_collection_baseline
Bridgeport,MX2,Commercial House,in_phase2_registry,V12,confirmed_entitlement_present,No limits,manual_verified_visual_table,bridgeport_zoning_code_full_2022-01.pdf.pdf,40,3.40.9,3.40.9.ALLOWED_USES,Number of Principal Units,MX2,Number of Principal Units: No limits; Household Living: allowed_upper_stories_only,manual_direct_page_render_and_human_transcription,high_direct_human_verification,no_limits_necessarily_spans_2_4_unit_range,confirmed_entitlement_present,directly_comparable,False,2026-10-01T20:28:15.079390+00:00,bridgeport-scenario-0015,phase_2_collection_baseline
Bridgeport,MXN,Commercial House,in_phase2_registry,V7,confirmed_allowed_by_right,6 max.,manual_verified_visual_table,bridgeport_zoning_code_full_2022-01.pdf.pdf,40,3.40.9,3.40.9.ALLOWED_USES,Number of Principal Units,MXN,Number of Principal Units: 6 max.; Household Living: allowed_upper_stories_only,manual_direct_page_render_and_human_transcription,high_direct_human_verification,stated_by_right_ceiling_or_floor=6,confirmed_allowed_by_right,directly_comparable,False,2026-10-01T20:28:15.079390+00:00,bridgeport-scenario-0016,phase_2_collection_baseline
Bridgeport,MXN,Commercial House,in_phase2_registry,V12,confirmed_entitlement_present,6 max.,manual_verified_visual_table,bridgeport_zoning_code_full_2022-01.pdf.pdf,40,3.40.9,3.40.9.ALLOWED_USES,Number of Principal Units,MXN,Number of Principal Units: 6 max.; Household Living: allowed_upper_stories_only,manual_direct_page_render_and_human_transcription,high_direct_human_verification,principal_by_right=6_plus_accessory_by_right=0_total=6_exceeds_4_but_includes_2_4_subrange_by_right,confirmed_entitlement_present,directly_comparable,False,2026-10-01T20:28:15.079390+00:00,bridgeport-scenario-0016,phase_2_collection_baseline
Bridgeport,RX2,Commercial House,in_phase2_registry,V7,confirmed_allowed_by_right,No limits,manual_verified_visual_table,bridgeport_zoning_code_full_2022-01.pdf.pdf,40,3.40.9,3.40.9.ALLOWED_USES,Number of Principal Units,RX2,Number of Principal Units: No limits; Household Living: allowed_full,manual_direct_page_render_and_human_transcription,high_direct_human_verification,principal_units_no_limits_stated,confirmed_allowed_by_right,directly_comparable,False,2026-10-01T20:28:15.079390+00:00,bridgeport-scenario-0017,phase_2_collection_baseline
Bridgeport,RX2,Commercial House,in_phase2_registry,V12,confirmed_entitlement_present,No limits,manual_verified_visual_table,bridgeport_zoning_code_full_2022-01.pdf.pdf,40,3.40.9,3.40.9.ALLOWED_USES,Number of Principal Units,RX2,Number of Principal Units: No limits; Household Living: allowed_full,manual_direct_page_render_and_human_transcription,high_direct_human_verification,no_limits_necessarily_spans_2_4_unit_range,confirmed_entitlement_present,directly_comparable,False,2026-10-01T20:28:15.079390+00:00,bridgeport-scenario-0017,phase_2_collection_baseline
Bridgeport,DX2,General,in_phase2_registry,V7,confirmed_allowed_by_right,3 min.,manual_verified_visual_table,bridgeport_zoning_code_full_2022-01.pdf.pdf,48,3.50.9,3.50.9.ALLOWED_USES,Number of Principal Units,DX2,Number of Principal Units: 3 min.; Household Living: allowed_full,manual_direct_page_render_and_human_transcription,high_direct_human_verification,stated_by_right_ceiling_or_floor=3,confirmed_allowed_by_right,directly_comparable,False,2026-10-01T20:28:15.079390+00:00,bridgeport-scenario-0019,phase_2_collection_baseline
Bridgeport,DX2,General,in_phase2_registry,V12,confirmed_entitlement_present,3 min.,manual_verified_visual_table,bridgeport_zoning_code_full_2022-01.pdf.pdf,48,3.50.9,3.50.9.ALLOWED_USES,Number of Principal Units,DX2,Number of Principal Units: 3 min.; Household Living: allowed_full,manual_direct_page_render_and_human_transcription,high_direct_human_verification,principal_by_right=3_plus_accessory_by_right=0_total=3_intersects_2_4_range,confirmed_entitlement_present,directly_comparable,False,2026-10-01T20:28:15.079390+00:00,bridgeport-scenario-0019,phase_2_collection_baseline
Bridgeport,RX2,General,in_phase2_registry,V7,confirmed_allowed_by_right,3 min.,manual_verified_visual_table,bridgeport_zoning_code_full_2022-01.pdf.pdf,48,3.50.9,3.50.9.ALLOWED_USES,Number of Principal Units,RX2,Number of Principal Units: 3 min.; Household Living: allowed_full,manual_direct_page_render_and_human_transcription,high_direct_human_verification,stated_by_right_ceiling_or_floor=3,confirmed_allowed_by_right,directly_comparable,False,2026-10-01T20:28:15.079390+00:00,bridgeport-scenario-0022,phase_2_collection_baseline
Bridgeport,RX2,General,in_phase2_registry,V12,confirmed_entitlement_present,3 min.,manual_verified_visual_table,bridgeport_zoning_code_full_2022-01.pdf.pdf,48,3.50.9,3.50.9.ALLOWED_USES,Number of Principal Units,RX2,Number of Principal Units: 3 min.; Household Living: allowed_full,manual_direct_page_render_and_human_transcription,high_direct_human_verification,principal_by_right=3_plus_accessory_by_right=0_total=3_intersects_2_4_range,confirmed_entitlement_present,directly_comparable,False,2026-10-01T20:28:15.079390+00:00,bridgeport-scenario-0022,phase_2_collection_baseline
Bridgeport,CX,General,in_phase2_registry,V7,confirmed_not_applicable,-,manual_verified_visual_table,bridgeport_zoning_code_full_2022-01.pdf.pdf,48,3.50.9,3.50.9.ALLOWED_USES,Number of Principal Units,CX,Number of Principal Units: -; Household Living: not_allowed,manual_direct_page_render_and_human_transcription,high_direct_human_verification,household_living_not_an_allowed_use,confirmed_not_applicable,directly_comparable,False,2026-10-01T20:28:15.079390+00:00,bridgeport-scenario-0018,phase_2_collection_baseline
Bridgeport,CX,General,in_phase2_registry,V12,confirmed_entitlement_absent,-,manual_verified_visual_table,bridgeport_zoning_code_full_2022-01.pdf.pdf,48,3.50.9,3.50.9.ALLOWED_USES,Number of Principal Units,CX,Number of Principal Units: -; Household Living: not_allowed,manual_direct_page_render_and_human_transcription,high_direct_human_verification,household_living_not_allowed_by_right,confirmed_entitlement_absent,directly_comparable,False,2026-10-01T20:28:15.079390+00:00,bridgeport-scenario-0018,phase_2_collection_baseline
Bridgeport,NX3,General,in_phase2_registry,V7,confirmed_allowed_by_right,3 min.,manual_verified_visual_table,bridgeport_zoning_code_full_2022-01.pdf.pdf,48,3.50.9,3.50.9.ALLOWED_USES,Number of Principal Units,NX3,Number of Principal Units: 3 min.; Household Living: allowed_full,manual_direct_page_render_and_human_transcription,high_direct_human_verification,stated_by_right_ceiling_or_floor=3,confirmed_allowed_by_right,directly_comparable,True,2026-10-01T20:28:15.079390+00:00,bridgeport-scenario-0020,phase_2_collection_baseline
Bridgeport,NX3,General,in_phase2_registry,V12,confirmed_entitlement_present,3 min.,manual_verified_visual_table,bridgeport_zoning_code_full_2022-01.pdf.pdf,48,3.50.9,3.50.9.ALLOWED_USES,Number of Principal Units,NX3,Number of Principal Units: 3 min.; Household Living: allowed_full,manual_direct_page_render_and_human_transcription,high_direct_human_verification,principal_by_right=3_plus_accessory_by_right=0_total=3_intersects_2_4_range,confirmed_entitlement_present,directly_comparable,True,2026-10-01T20:28:15.079390+00:00,bridgeport-scenario-0020,phase_2_collection_baseline
Bridgeport,NX4,General,in_phase2_registry,V7,confirmed_allowed_by_right,3 min.,manual_verified_visual_table,bridgeport_zoning_code_full_2022-01.pdf.pdf,48,3.50.9,3.50.9.ALLOWED_USES,Number of Principal Units,NX4,Number of Principal Units: 3 min.; Household Living: allowed_full,manual_direct_page_render_and_human_transcription,high_direct_human_verification,stated_by_right_ceiling_or_floor=3,confirmed_allowed_by_right,directly_comparable,True,2026-10-01T20:28:15.079390+00:00,bridgeport-scenario-0021,phase_2_collection_baseline
Bridgeport,NX4,General,in_phase2_registry,V12,confirmed_entitlement_present,3 min.,manual_verified_visual_table,bridgeport_zoning_code_full_2022-01.pdf.pdf,48,3.50.9,3.50.9.ALLOWED_USES,Number of Principal Units,NX4,Number of Principal Units: 3 min.; Household Living: allowed_full,manual_direct_page_render_and_human_transcription,high_direct_human_verification,principal_by_right=3_plus_accessory_by_right=0_total=3_intersects_2_4_range,confirmed_entitlement_present,directly_comparable,True,2026-10-01T20:28:15.079390+00:00,bridgeport-scenario-0021,phase_2_collection_baseline
Bridgeport,NX2,Small General,not_in_phase2_registry,V7,confirmed_allowed_by_right,"3 min., 6 max., up to 8 units with special permit",manual_verified_visual_table,bridgeport_zoning_code_full_2022-01.pdf.pdf,56,3.60.9,3.60.9.ALLOWED_USES,Number of Principal Units,NX2,"Number of Principal Units: 3 min., 6 max., up to 8 units with special permit; Household Living: allowed_full",manual_direct_page_render_and_human_transcription,high_direct_human_verification,stated_by_right_ceiling_or_floor=6,confirmed_allowed_by_right,directly_comparable,False,2026-10-01T20:28:15.079390+00:00,bridgeport-scenario-0047,post_phase_2_registry_addendum
Bridgeport,NX2,Small General,not_in_phase2_registry,V12,confirmed_entitlement_present,"3 min., 6 max., up to 8 units with special permit",manual_verified_visual_table,bridgeport_zoning_code_full_2022-01.pdf.pdf,56,3.60.9,3.60.9.ALLOWED_USES,Number of Principal Units,NX2,"Number of Principal Units: 3 min., 6 max., up to 8 units with special permit; Household Living: allowed_full",manual_direct_page_render_and_human_transcription,high_direct_human_verification,principal_by_right=6_plus_accessory_by_right=0_total=6_exceeds_4_but_includes_2_4_subrange_by_right,confirmed_entitlement_present,directly_comparable,False,2026-10-01T20:28:15.079390+00:00,bridgeport-scenario-0047,post_phase_2_registry_addendum
Bridgeport,RX1,Small General,not_in_phase2_registry,V7,confirmed_allowed_by_right,3 min.,manual_verified_visual_table,bridgeport_zoning_code_full_2022-01.pdf.pdf,56,3.60.9,3.60.9.ALLOWED_USES,Number of Principal Units,RX1,Number of Principal Units: 3 min.; Household Living: allowed_full,manual_direct_page_render_and_human_transcription,high_direct_human_verification,stated_by_right_ceiling_or_floor=3,confirmed_allowed_by_right,directly_comparable,False,2026-10-01T20:28:15.079390+00:00,bridgeport-scenario-0048,post_phase_2_registry_addendum
Bridgeport,RX1,Small General,not_in_phase2_registry,V12,confirmed_entitlement_present,3 min.,manual_verified_visual_table,bridgeport_zoning_code_full_2022-01.pdf.pdf,56,3.60.9,3.60.9.ALLOWED_USES,Number of Principal Units,RX1,Number of Principal Units: 3 min.; Household Living: allowed_full,manual_direct_page_render_and_human_transcription,high_direct_human_verification,principal_by_right=3_plus_accessory_by_right=0_total=3_intersects_2_4_range,confirmed_entitlement_present,directly_comparable,False,2026-10-01T20:28:15.079390+00:00,bridgeport-scenario-0048,post_phase_2_registry_addendum
Bridgeport,NX1,Row,in_phase2_registry,V7,confirmed_not_available_by_right,1 max. per Row House,manual_verified_visual_table,bridgeport_zoning_code_full_2022-01.pdf.pdf,64,3.70.9,3.70.9.ALLOWED_USES,Number of Principal Units,NX1,Number of Principal Units: 1 max. per Row House; Household Living: allowed_full,manual_direct_page_render_and_human_transcription,high_direct_human_verification,stated_by_right_ceiling=1_special_permit_pathway_not_by_right,confirmed_not_available_by_right,directly_comparable,True,2026-10-01T20:28:15.079390+00:00,bridgeport-scenario-0023,phase_2_collection_baseline
Bridgeport,NX1,Row,in_phase2_registry,V12,confirmed_entitlement_absent,1 max. per Row House,manual_verified_visual_table,bridgeport_zoning_code_full_2022-01.pdf.pdf,64,3.70.9,3.70.9.ALLOWED_USES,Number of Principal Units,NX1,Number of Principal Units: 1 max. per Row House; Household Living: allowed_full,manual_direct_page_render_and_human_transcription,high_direct_human_verification,principal_by_right=1_plus_accessory_by_right=0_total=1_below_2_unit_floor,confirmed_entitlement_absent,directly_comparable,True,2026-10-01T20:28:15.079390+00:00,bridgeport-scenario-0023,phase_2_collection_baseline
Bridgeport,NX3,Row,in_phase2_registry,V7,confirmed_allowed_by_right,3 max. per Row House,manual_verified_visual_table,bridgeport_zoning_code_full_2022-01.pdf.pdf,64,3.70.9,3.70.9.ALLOWED_USES,Number of Principal Units,NX3,Number of Principal Units: 3 max. per Row House; Household Living: allowed_full,manual_direct_page_render_and_human_transcription,high_direct_human_verification,stated_by_right_ceiling_or_floor=3,confirmed_allowed_by_right,directly_comparable,True,2026-10-01T20:28:15.079390+00:00,bridgeport-scenario-0024,phase_2_collection_baseline
Bridgeport,NX3,Row,in_phase2_registry,V12,confirmed_entitlement_present,3 max. per Row House,manual_verified_visual_table,bridgeport_zoning_code_full_2022-01.pdf.pdf,64,3.70.9,3.70.9.ALLOWED_USES,Number of Principal Units,NX3,Number of Principal Units: 3 max. per Row House; Household Living: allowed_full,manual_direct_page_render_and_human_transcription,high_direct_human_verification,principal_by_right=3_plus_accessory_by_right=0_total=3_intersects_2_4_range,confirmed_entitlement_present,directly_comparable,True,2026-10-01T20:28:15.079390+00:00,bridgeport-scenario-0024,phase_2_collection_baseline
Bridgeport,NX4,Row,in_phase2_registry,V7,confirmed_allowed_by_right,3 max. per Row House,manual_verified_visual_table,bridgeport_zoning_code_full_2022-01.pdf.pdf,64,3.70.9,3.70.9.ALLOWED_USES,Number of Principal Units,NX4,Number of Principal Units: 3 max. per Row House; Household Living: allowed_full,manual_direct_page_render_and_human_transcription,high_direct_human_verification,stated_by_right_ceiling_or_floor=3,confirmed_allowed_by_right,directly_comparable,True,2026-10-01T20:28:15.079390+00:00,bridgeport-scenario-0025,phase_2_collection_baseline
Bridgeport,NX4,Row,in_phase2_registry,V12,confirmed_entitlement_present,3 max. per Row House,manual_verified_visual_table,bridgeport_zoning_code_full_2022-01.pdf.pdf,64,3.70.9,3.70.9.ALLOWED_USES,Number of Principal Units,NX4,Number of Principal Units: 3 max. per Row House; Household Living: allowed_full,manual_direct_page_render_and_human_transcription,high_direct_human_verification,principal_by_right=3_plus_accessory_by_right=0_total=3_intersects_2_4_range,confirmed_entitlement_present,directly_comparable,True,2026-10-01T20:28:15.079390+00:00,bridgeport-scenario-0025,phase_2_collection_baseline
Bridgeport,RX2,Row,in_phase2_registry,V7,confirmed_allowed_by_right,3 max. per Row House,manual_verified_visual_table,bridgeport_zoning_code_full_2022-01.pdf.pdf,64,3.70.9,3.70.9.ALLOWED_USES,Number of Principal Units,RX2,Number of Principal Units: 3 max. per Row House; Household Living: allowed_full,manual_direct_page_render_and_human_transcription,high_direct_human_verification,stated_by_right_ceiling_or_floor=3,confirmed_allowed_by_right,directly_comparable,True,2026-10-01T20:28:15.079390+00:00,bridgeport-scenario-0026,phase_2_collection_baseline
Bridgeport,RX2,Row,in_phase2_registry,V12,confirmed_entitlement_present,3 max. per Row House,manual_verified_visual_table,bridgeport_zoning_code_full_2022-01.pdf.pdf,64,3.70.9,3.70.9.ALLOWED_USES,Number of Principal Units,RX2,Number of Principal Units: 3 max. per Row House; Household Living: allowed_full,manual_direct_page_render_and_human_transcription,high_direct_human_verification,principal_by_right=3_plus_accessory_by_right=0_total=3_intersects_2_4_range,confirmed_entitlement_present,directly_comparable,True,2026-10-01T20:28:15.079390+00:00,bridgeport-scenario-0026,phase_2_collection_baseline
Bridgeport,NX1,Double House A,in_phase2_registry,V7,confirmed_allowed_by_right,"up to 4, 6 with special permit in House; plus 1 unit in backyard cottage",manual_verified_visual_table,bridgeport_zoning_code_full_2022-01.pdf.pdf,72,3.80.9,3.80.9.ALLOWED_USES,Number of Principal Units,NX1,"Number of Principal Units: up to 4, 6 with special permit in House; plus 1 unit in backyard cottage; Household Living: allowed_full",manual_direct_page_render_and_human_transcription,high_direct_human_verification,stated_by_right_ceiling_or_floor=4,confirmed_allowed_by_right,directly_comparable,False,2026-10-01T20:28:15.079390+00:00,bridgeport-scenario-0027,phase_2_collection_baseline
Bridgeport,NX1,Double House A,in_phase2_registry,V12,confirmed_entitlement_present,"up to 4, 6 with special permit in House; plus 1 unit in backyard cottage",manual_verified_visual_table,bridgeport_zoning_code_full_2022-01.pdf.pdf,72,3.80.9,3.80.9.ALLOWED_USES,Number of Principal Units,NX1,"Number of Principal Units: up to 4, 6 with special permit in House; plus 1 unit in backyard cottage; Household Living: allowed_full",manual_direct_page_render_and_human_transcription,high_direct_human_verification,principal_by_right=4_plus_accessory_by_right=1_total=5_intersects_2_4_range,confirmed_entitlement_present,directly_comparable,False,2026-10-01T20:28:15.079390+00:00,bridgeport-scenario-0027,phase_2_collection_baseline
Bridgeport,N1,House A,in_phase2_registry,V7,confirmed_not_available_by_right,1 in House,manual_verified_visual_table,bridgeport_zoning_code_full_2022-01.pdf.pdf,80,3.90.9,3.90.9.ALLOWED_USES,Number of Principal Units,N1,Number of Principal Units: 1 in House; Household Living: allowed_full,manual_direct_page_render_and_human_transcription,high_direct_human_verification,stated_by_right_ceiling=1_special_permit_pathway_not_by_right,confirmed_not_available_by_right,directly_comparable,False,2026-10-01T20:28:15.079390+00:00,bridgeport-scenario-0028,phase_2_collection_baseline
Bridgeport,N1,House A,in_phase2_registry,V12,confirmed_entitlement_present,1 in House,manual_verified_visual_table,bridgeport_zoning_code_full_2022-01.pdf.pdf,80,3.90.9,3.90.9.ALLOWED_USES,Number of Principal Units,N1,Number of Principal Units: 1 in House; Household Living: allowed_full,manual_direct_page_render_and_human_transcription,high_direct_human_verification,principal_by_right=1_plus_accessory_by_right=1_total=2_intersects_2_4_range,confirmed_entitlement_present,directly_comparable,False,2026-10-01T20:28:15.079390+00:00,bridgeport-scenario-0028,phase_2_collection_baseline
Bridgeport,NX1,House A,in_phase2_registry,V7,confirmed_allowed_by_right,up to 3 in House plus 1 in Backyard Cottage,manual_verified_visual_table,bridgeport_zoning_code_full_2022-01.pdf.pdf,80,3.90.9,3.90.9.ALLOWED_USES,Number of Principal Units,NX1,Number of Principal Units: up to 3 in House plus 1 in Backyard Cottage; Household Living: allowed_full,manual_direct_page_render_and_human_transcription,high_direct_human_verification,stated_by_right_ceiling_or_floor=3,confirmed_allowed_by_right,directly_comparable,False,2026-10-01T20:28:15.079390+00:00,bridgeport-scenario-0029,phase_2_collection_baseline
Bridgeport,NX1,House A,in_phase2_registry,V12,confirmed_entitlement_present,up to 3 in House plus 1 in Backyard Cottage,manual_verified_visual_table,bridgeport_zoning_code_full_2022-01.pdf.pdf,80,3.90.9,3.90.9.ALLOWED_USES,Number of Principal Units,NX1,Number of Principal Units: up to 3 in House plus 1 in Backyard Cottage; Household Living: allowed_full,manual_direct_page_render_and_human_transcription,high_direct_human_verification,principal_by_right=3_plus_accessory_by_right=1_total=4_intersects_2_4_range,confirmed_entitlement_present,directly_comparable,False,2026-10-01T20:28:15.079390+00:00,bridgeport-scenario-0029,phase_2_collection_baseline
Bridgeport,N2,House B,in_phase2_registry,V7,confirmed_not_available_by_right,"1 in House, 2 with special permit",manual_verified_visual_table,bridgeport_zoning_code_full_2022-01.pdf.pdf,88,3.100.9,3.100.9.ALLOWED_USES,Number of Principal Units,N2,"Number of Principal Units: 1 in House, 2 with special permit; Household Living: allowed_full",manual_direct_page_render_and_human_transcription,high_direct_human_verification,stated_by_right_ceiling=1_special_permit_pathway_not_by_right,confirmed_not_available_by_right,directly_comparable,False,2026-10-01T20:28:15.079390+00:00,bridgeport-scenario-0030,phase_2_collection_baseline
Bridgeport,N2,House B,in_phase2_registry,V12,confirmed_entitlement_absent,"1 in House, 2 with special permit",manual_verified_visual_table,bridgeport_zoning_code_full_2022-01.pdf.pdf,88,3.100.9,3.100.9.ALLOWED_USES,Number of Principal Units,N2,"Number of Principal Units: 1 in House, 2 with special permit; Household Living: allowed_full",manual_direct_page_render_and_human_transcription,high_direct_human_verification,principal_by_right=1_plus_accessory_by_right=0_total=1_below_2_unit_floor,confirmed_entitlement_absent,directly_comparable,False,2026-10-01T20:28:15.079390+00:00,bridgeport-scenario-0030,phase_2_collection_baseline
Bridgeport,N3,House C,in_phase2_registry,V7,confirmed_not_available_by_right,1 in House,manual_verified_visual_table,bridgeport_zoning_code_full_2022-01.pdf.pdf,96,3.110.9,3.110.9.ALLOWED_USES,Number of Principal Units,N3,Number of Principal Units: 1 in House; Household Living: allowed_full,manual_direct_page_render_and_human_transcription,high_direct_human_verification,stated_by_right_ceiling=1_special_permit_pathway_not_by_right,confirmed_not_available_by_right,directly_comparable,False,2026-10-01T20:28:15.079390+00:00,bridgeport-scenario-0031,phase_2_collection_baseline
Bridgeport,N3,House C,in_phase2_registry,V12,confirmed_entitlement_present,1 in House,manual_verified_visual_table,bridgeport_zoning_code_full_2022-01.pdf.pdf,96,3.110.9,3.110.9.ALLOWED_USES,Number of Principal Units,N3,Number of Principal Units: 1 in House; Household Living: allowed_full,manual_direct_page_render_and_human_transcription,high_direct_human_verification,principal_by_right=1_plus_accessory_by_right=2_total=3_intersects_2_4_range,confirmed_entitlement_present,directly_comparable,False,2026-10-01T20:28:15.079390+00:00,bridgeport-scenario-0031,phase_2_collection_baseline
Bridgeport,N4,House D,in_phase2_registry,V7,confirmed_not_available_by_right,1 in House,manual_verified_visual_table,bridgeport_zoning_code_full_2022-01.pdf.pdf,104,3.120.9,3.120.9.ALLOWED_USES,Number of Principal Units,N4,Number of Principal Units: 1 in House; Household Living: allowed_full,manual_direct_page_render_and_human_transcription,high_direct_human_verification,stated_by_right_ceiling=1_special_permit_pathway_not_by_right,confirmed_not_available_by_right,directly_comparable,False,2026-10-01T20:28:15.079390+00:00,bridgeport-scenario-0032,phase_2_collection_baseline
Bridgeport,N4,House D,in_phase2_registry,V12,confirmed_entitlement_present,1 in House,manual_verified_visual_table,bridgeport_zoning_code_full_2022-01.pdf.pdf,104,3.120.9,3.120.9.ALLOWED_USES,Number of Principal Units,N4,Number of Principal Units: 1 in House; Household Living: allowed_full,manual_direct_page_render_and_human_transcription,high_direct_human_verification,principal_by_right=1_plus_accessory_by_right=1_total=2_intersects_2_4_range,confirmed_entitlement_present,directly_comparable,False,2026-10-01T20:28:15.079390+00:00,bridgeport-scenario-0032,phase_2_collection_baseline
Bridgeport,CX,Workshop,in_phase2_registry,V7,confirmed_not_applicable,-,manual_verified_visual_table,bridgeport_zoning_code_full_2022-01.pdf.pdf,112,3.130.9,3.130.9.ALLOWED_USES,Number of Principal Units,CX,Number of Principal Units: -; Household Living: not_allowed,manual_direct_page_render_and_human_transcription,high_direct_human_verification,household_living_not_an_allowed_use,confirmed_not_applicable,directly_comparable,False,2026-10-01T20:28:15.079390+00:00,bridgeport-scenario-0033,phase_2_collection_baseline
Bridgeport,CX,Workshop,in_phase2_registry,V12,confirmed_entitlement_absent,-,manual_verified_visual_table,bridgeport_zoning_code_full_2022-01.pdf.pdf,112,3.130.9,3.130.9.ALLOWED_USES,Number of Principal Units,CX,Number of Principal Units: -; Household Living: not_allowed,manual_direct_page_render_and_human_transcription,high_direct_human_verification,household_living_not_allowed_by_right,confirmed_entitlement_absent,directly_comparable,False,2026-10-01T20:28:15.079390+00:00,bridgeport-scenario-0033,phase_2_collection_baseline
Bridgeport,DX1,Civic,in_phase2_registry,V7,confirmed_not_applicable,-,manual_verified_visual_table,bridgeport_zoning_code_full_2022-01.pdf.pdf,120,3.140.9,3.140.9.ALLOWED_USES,Number of Principal Units,DX1,Number of Principal Units: -; Household Living: not_allowed,manual_direct_page_render_and_human_transcription,high_direct_human_verification,household_living_not_an_allowed_use,confirmed_not_applicable,directly_comparable,True,2026-10-01T20:28:15.079390+00:00,bridgeport-scenario-0035,phase_2_collection_baseline
Bridgeport,DX1,Civic,in_phase2_registry,V12,confirmed_entitlement_absent,-,manual_verified_visual_table,bridgeport_zoning_code_full_2022-01.pdf.pdf,120,3.140.9,3.140.9.ALLOWED_USES,Number of Principal Units,DX1,Number of Principal Units: -; Household Living: not_allowed,manual_direct_page_render_and_human_transcription,high_direct_human_verification,household_living_not_allowed_by_right,confirmed_entitlement_absent,directly_comparable,True,2026-10-01T20:28:15.079390+00:00,bridgeport-scenario-0035,phase_2_collection_baseline
Bridgeport,MX1,Civic,in_phase2_registry,V7,confirmed_not_applicable,-,manual_verified_visual_table,bridgeport_zoning_code_full_2022-01.pdf.pdf,120,3.140.9,3.140.9.ALLOWED_USES,Number of Principal Units,MX1,Number of Principal Units: -; Household Living: not_allowed,manual_direct_page_render_and_human_transcription,high_direct_human_verification,household_living_not_an_allowed_use,confirmed_not_applicable,directly_comparable,True,2026-10-01T20:28:15.079390+00:00,bridgeport-scenario-0037,phase_2_collection_baseline
Bridgeport,MX1,Civic,in_phase2_registry,V12,confirmed_entitlement_absent,-,manual_verified_visual_table,bridgeport_zoning_code_full_2022-01.pdf.pdf,120,3.140.9,3.140.9.ALLOWED_USES,Number of Principal Units,MX1,Number of Principal Units: -; Household Living: not_allowed,manual_direct_page_render_and_human_transcription,high_direct_human_verification,household_living_not_allowed_by_right,confirmed_entitlement_absent,directly_comparable,True,2026-10-01T20:28:15.079390+00:00,bridgeport-scenario-0037,phase_2_collection_baseline
Bridgeport,MX2,Civic,in_phase2_registry,V7,confirmed_not_applicable,-,manual_verified_visual_table,bridgeport_zoning_code_full_2022-01.pdf.pdf,120,3.140.9,3.140.9.ALLOWED_USES,Number of Principal Units,MX2,Number of Principal Units: -; Household Living: not_allowed,manual_direct_page_render_and_human_transcription,high_direct_human_verification,household_living_not_an_allowed_use,confirmed_not_applicable,directly_comparable,True,2026-10-01T20:28:15.079390+00:00,bridgeport-scenario-0038,phase_2_collection_baseline
Bridgeport,MX2,Civic,in_phase2_registry,V12,confirmed_entitlement_absent,-,manual_verified_visual_table,bridgeport_zoning_code_full_2022-01.pdf.pdf,120,3.140.9,3.140.9.ALLOWED_USES,Number of Principal Units,MX2,Number of Principal Units: -; Household Living: not_allowed,manual_direct_page_render_and_human_transcription,high_direct_human_verification,household_living_not_allowed_by_right,confirmed_entitlement_absent,directly_comparable,True,2026-10-01T20:28:15.079390+00:00,bridgeport-scenario-0038,phase_2_collection_baseline
Bridgeport,CX,Civic,in_phase2_registry,V7,confirmed_not_applicable,-,manual_verified_visual_table,bridgeport_zoning_code_full_2022-01.pdf.pdf,120,3.140.9,3.140.9.ALLOWED_USES,Number of Principal Units,CX,Number of Principal Units: -; Household Living: not_allowed,manual_direct_page_render_and_human_transcription,high_direct_human_verification,household_living_not_an_allowed_use,confirmed_not_applicable,directly_comparable,True,2026-10-01T20:28:15.079390+00:00,bridgeport-scenario-0034,phase_2_collection_baseline
Bridgeport,CX,Civic,in_phase2_registry,V12,confirmed_entitlement_absent,-,manual_verified_visual_table,bridgeport_zoning_code_full_2022-01.pdf.pdf,120,3.140.9,3.140.9.ALLOWED_USES,Number of Principal Units,CX,Number of Principal Units: -; Household Living: not_allowed,manual_direct_page_render_and_human_transcription,high_direct_human_verification,household_living_not_allowed_by_right,confirmed_entitlement_absent,directly_comparable,True,2026-10-01T20:28:15.079390+00:00,bridgeport-scenario-0034,phase_2_collection_baseline
Bridgeport,NX3,Civic,in_phase2_registry,V7,confirmed_not_applicable,-,manual_verified_visual_table,bridgeport_zoning_code_full_2022-01.pdf.pdf,120,3.140.9,3.140.9.ALLOWED_USES,Number of Principal Units,NX3,Number of Principal Units: -; Household Living: not_allowed,manual_direct_page_render_and_human_transcription,high_direct_human_verification,household_living_not_an_allowed_use,confirmed_not_applicable,directly_comparable,True,2026-10-01T20:28:15.079390+00:00,bridgeport-scenario-0039,phase_2_collection_baseline
Bridgeport,NX3,Civic,in_phase2_registry,V12,confirmed_entitlement_absent,-,manual_verified_visual_table,bridgeport_zoning_code_full_2022-01.pdf.pdf,120,3.140.9,3.140.9.ALLOWED_USES,Number of Principal Units,NX3,Number of Principal Units: -; Household Living: not_allowed,manual_direct_page_render_and_human_transcription,high_direct_human_verification,household_living_not_allowed_by_right,confirmed_entitlement_absent,directly_comparable,True,2026-10-01T20:28:15.079390+00:00,bridgeport-scenario-0039,phase_2_collection_baseline
Bridgeport,NX4,Civic,in_phase2_registry,V7,confirmed_not_applicable,-,manual_verified_visual_table,bridgeport_zoning_code_full_2022-01.pdf.pdf,120,3.140.9,3.140.9.ALLOWED_USES,Number of Principal Units,NX4,Number of Principal Units: -; Household Living: not_allowed,manual_direct_page_render_and_human_transcription,high_direct_human_verification,household_living_not_an_allowed_use,confirmed_not_applicable,directly_comparable,True,2026-10-01T20:28:15.079390+00:00,bridgeport-scenario-0040,phase_2_collection_baseline
Bridgeport,NX4,Civic,in_phase2_registry,V12,confirmed_entitlement_absent,-,manual_verified_visual_table,bridgeport_zoning_code_full_2022-01.pdf.pdf,120,3.140.9,3.140.9.ALLOWED_USES,Number of Principal Units,NX4,Number of Principal Units: -; Household Living: not_allowed,manual_direct_page_render_and_human_transcription,high_direct_human_verification,household_living_not_allowed_by_right,confirmed_entitlement_absent,directly_comparable,True,2026-10-01T20:28:15.079390+00:00,bridgeport-scenario-0040,phase_2_collection_baseline
Bridgeport,DX2,Civic,in_phase2_registry,V7,confirmed_not_applicable,-,manual_verified_visual_table,bridgeport_zoning_code_full_2022-01.pdf.pdf,120,3.140.9,3.140.9.ALLOWED_USES,Number of Principal Units,DX2,Number of Principal Units: -; Household Living: not_allowed,manual_direct_page_render_and_human_transcription,high_direct_human_verification,household_living_not_an_allowed_use,confirmed_not_applicable,directly_comparable,True,2026-10-01T20:28:15.079390+00:00,bridgeport-scenario-0036,phase_2_collection_baseline
Bridgeport,DX2,Civic,in_phase2_registry,V12,confirmed_entitlement_absent,-,manual_verified_visual_table,bridgeport_zoning_code_full_2022-01.pdf.pdf,120,3.140.9,3.140.9.ALLOWED_USES,Number of Principal Units,DX2,Number of Principal Units: -; Household Living: not_allowed,manual_direct_page_render_and_human_transcription,high_direct_human_verification,household_living_not_allowed_by_right,confirmed_entitlement_absent,directly_comparable,True,2026-10-01T20:28:15.079390+00:00,bridgeport-scenario-0036,phase_2_collection_baseline
Bridgeport,RX2,Civic,in_phase2_registry,V7,confirmed_not_applicable,-,manual_verified_visual_table,bridgeport_zoning_code_full_2022-01.pdf.pdf,120,3.140.9,3.140.9.ALLOWED_USES,Number of Principal Units,RX2,Number of Principal Units: -; Household Living: not_allowed,manual_direct_page_render_and_human_transcription,high_direct_human_verification,household_living_not_an_allowed_use,confirmed_not_applicable,directly_comparable,True,2026-10-01T20:28:15.079390+00:00,bridgeport-scenario-0041,phase_2_collection_baseline
Bridgeport,RX2,Civic,in_phase2_registry,V12,confirmed_entitlement_absent,-,manual_verified_visual_table,bridgeport_zoning_code_full_2022-01.pdf.pdf,120,3.140.9,3.140.9.ALLOWED_USES,Number of Principal Units,RX2,Number of Principal Units: -; Household Living: not_allowed,manual_direct_page_render_and_human_transcription,high_direct_human_verification,household_living_not_allowed_by_right,confirmed_entitlement_absent,directly_comparable,True,2026-10-01T20:28:15.079390+00:00,bridgeport-scenario-0041,phase_2_collection_baseline
