crop_id,visual_packet_id,page_number,crop_type,crop_path,crop_role
bridgeport-connecticut-afe7c678fa5dfc85-vlm-packet-0001-focus,bridgeport-connecticut-afe7c678fa5dfc85-vlm-packet-0001,22,mixed_visual_context,outputs/figures/bridgeport/vlm_crops/bridgeport-connecticut-afe7c678fa5dfc85-vlm-packet-0001_focus.png,focus_crop
bridgeport-connecticut-afe7c678fa5dfc85-vlm-packet-0001-context,bridgeport-connecticut-afe7c678fa5dfc85-vlm-packet-0001,22,context,outputs/figures/bridgeport/vlm_crops/bridgeport-connecticut-afe7c678fa5dfc85-vlm-packet-0001_context.png,context_crop
bridgeport-connecticut-afe7c678fa5dfc85-vlm-packet-0002-focus,bridgeport-connecticut-afe7c678fa5dfc85-vlm-packet-0002,37,diagram_table,outputs/figures/bridgeport/vlm_crops/bridgeport-connecticut-afe7c678fa5dfc85-vlm-packet-0002_focus.png,focus_crop
bridgeport-connecticut-afe7c678fa5dfc85-vlm-packet-0002-context,bridgeport-connecticut-afe7c678fa5dfc85-vlm-packet-0002,37,context,outputs/figures/bridgeport/vlm_crops/bridgeport-connecticut-afe7c678fa5dfc85-vlm-packet-0002_context.png,context_crop
bridgeport-connecticut-afe7c678fa5dfc85-vlm-packet-0003-focus,bridgeport-connecticut-afe7c678fa5dfc85-vlm-packet-0003,46,mixed_visual_context,outputs/figures/bridgeport/vlm_crops/bridgeport-connecticut-afe7c678fa5dfc85-vlm-packet-0003_focus.png,focus_crop
bridgeport-connecticut-afe7c678fa5dfc85-vlm-packet-0003-context,bridgeport-connecticut-afe7c678fa5dfc85-vlm-packet-0003,46,context,outputs/figures/bridgeport/vlm_crops/bridgeport-connecticut-afe7c678fa5dfc85-vlm-packet-0003_context.png,context_crop
bridgeport-connecticut-afe7c678fa5dfc85-vlm-packet-0004-focus,bridgeport-connecticut-afe7c678fa5dfc85-vlm-packet-0004,70,mixed_visual_context,outputs/figures/bridgeport/vlm_crops/bridgeport-connecticut-afe7c678fa5dfc85-vlm-packet-0004_focus.png,focus_crop
bridgeport-connecticut-afe7c678fa5dfc85-vlm-packet-0004-context,bridgeport-connecticut-afe7c678fa5dfc85-vlm-packet-0004,70,context,outputs/figures/bridgeport/vlm_crops/bridgeport-connecticut-afe7c678fa5dfc85-vlm-packet-0004_context.png,context_crop
bridgeport-connecticut-afe7c678fa5dfc85-vlm-packet-0005-focus,bridgeport-connecticut-afe7c678fa5dfc85-vlm-packet-0005,89,diagram_table,outputs/figures/bridgeport/vlm_crops/bridgeport-connecticut-afe7c678fa5dfc85-vlm-packet-0005_focus.png,focus_crop
bridgeport-connecticut-afe7c678fa5dfc85-vlm-packet-0005-context,bridgeport-connecticut-afe7c678fa5dfc85-vlm-packet-0005,89,context,outputs/figures/bridgeport/vlm_crops/bridgeport-connecticut-afe7c678fa5dfc85-vlm-packet-0005_context.png,context_crop
bridgeport-connecticut-afe7c678fa5dfc85-vlm-packet-0006-focus,bridgeport-connecticut-afe7c678fa5dfc85-vlm-packet-0006,92,diagram_table,outputs/figures/bridgeport/vlm_crops/bridgeport-connecticut-afe7c678fa5dfc85-vlm-packet-0006_focus.png,focus_crop
bridgeport-connecticut-afe7c678fa5dfc85-vlm-packet-0006-context,bridgeport-connecticut-afe7c678fa5dfc85-vlm-packet-0006,92,context,outputs/figures/bridgeport/vlm_crops/bridgeport-connecticut-afe7c678fa5dfc85-vlm-packet-0006_context.png,context_crop
bridgeport-connecticut-afe7c678fa5dfc85-vlm-packet-0007-focus,bridgeport-connecticut-afe7c678fa5dfc85-vlm-packet-0007,94,mixed_visual_context,outputs/figures/bridgeport/vlm_crops/bridgeport-connecticut-afe7c678fa5dfc85-vlm-packet-0007_focus.png,focus_crop
bridgeport-connecticut-afe7c678fa5dfc85-vlm-packet-0007-context,bridgeport-connecticut-afe7c678fa5dfc85-vlm-packet-0007,94,context,outputs/figures/bridgeport/vlm_crops/bridgeport-connecticut-afe7c678fa5dfc85-vlm-packet-0007_context.png,context_crop
bridgeport-connecticut-afe7c678fa5dfc85-vlm-packet-0008-focus,bridgeport-connecticut-afe7c678fa5dfc85-vlm-packet-0008,100,diagram_table,outputs/figures/bridgeport/vlm_crops/bridgeport-connecticut-afe7c678fa5dfc85-vlm-packet-0008_focus.png,focus_crop
bridgeport-connecticut-afe7c678fa5dfc85-vlm-packet-0008-context,bridgeport-connecticut-afe7c678fa5dfc85-vlm-packet-0008,100,context,outputs/figures/bridgeport/vlm_crops/bridgeport-connecticut-afe7c678fa5dfc85-vlm-packet-0008_context.png,context_crop
bridgeport-connecticut-afe7c678fa5dfc85-vlm-packet-0009-focus,bridgeport-connecticut-afe7c678fa5dfc85-vlm-packet-0009,103,diagram_table,outputs/figures/bridgeport/vlm_crops/bridgeport-connecticut-afe7c678fa5dfc85-vlm-packet-0009_focus.png,focus_crop
bridgeport-connecticut-afe7c678fa5dfc85-vlm-packet-0009-context,bridgeport-connecticut-afe7c678fa5dfc85-vlm-packet-0009,103,context,outputs/figures/bridgeport/vlm_crops/bridgeport-connecticut-afe7c678fa5dfc85-vlm-packet-0009_context.png,context_crop
bridgeport-connecticut-afe7c678fa5dfc85-vlm-packet-0010-focus,bridgeport-connecticut-afe7c678fa5dfc85-vlm-packet-0010,109,diagram_table,outputs/figures/bridgeport/vlm_crops/bridgeport-connecticut-afe7c678fa5dfc85-vlm-packet-0010_focus.png,focus_crop
bridgeport-connecticut-afe7c678fa5dfc85-vlm-packet-0010-context,bridgeport-connecticut-afe7c678fa5dfc85-vlm-packet-0010,109,context,outputs/figures/bridgeport/vlm_crops/bridgeport-connecticut-afe7c678fa5dfc85-vlm-packet-0010_context.png,context_crop
bridgeport-connecticut-afe7c678fa5dfc85-vlm-packet-0011-focus,bridgeport-connecticut-afe7c678fa5dfc85-vlm-packet-0011,118,mixed_visual_context,outputs/figures/bridgeport/vlm_crops/bridgeport-connecticut-afe7c678fa5dfc85-vlm-packet-0011_focus.png,focus_crop
bridgeport-connecticut-afe7c678fa5dfc85-vlm-packet-0011-context,bridgeport-connecticut-afe7c678fa5dfc85-vlm-packet-0011,118,context,outputs/figures/bridgeport/vlm_crops/bridgeport-connecticut-afe7c678fa5dfc85-vlm-packet-0011_context.png,context_crop
bridgeport-connecticut-afe7c678fa5dfc85-vlm-packet-0012-focus,bridgeport-connecticut-afe7c678fa5dfc85-vlm-packet-0012,287,diagram_table,outputs/figures/bridgeport/vlm_crops/bridgeport-connecticut-afe7c678fa5dfc85-vlm-packet-0012_focus.png,focus_crop
bridgeport-connecticut-afe7c678fa5dfc85-vlm-packet-0012-context,bridgeport-connecticut-afe7c678fa5dfc85-vlm-packet-0012,287,context,outputs/figures/bridgeport/vlm_crops/bridgeport-connecticut-afe7c678fa5dfc85-vlm-packet-0012_context.png,context_crop
bridgeport-connecticut-afe7c678fa5dfc85-vlm-packet-0013-focus,bridgeport-connecticut-afe7c678fa5dfc85-vlm-packet-0013,289,mixed_visual_context,outputs/figures/bridgeport/vlm_crops/bridgeport-connecticut-afe7c678fa5dfc85-vlm-packet-0013_focus.png,focus_crop
bridgeport-connecticut-afe7c678fa5dfc85-vlm-packet-0013-context,bridgeport-connecticut-afe7c678fa5dfc85-vlm-packet-0013,289,context,outputs/figures/bridgeport/vlm_crops/bridgeport-connecticut-afe7c678fa5dfc85-vlm-packet-0013_context.png,context_crop
bridgeport-connecticut-afe7c678fa5dfc85-vlm-packet-0014-focus,bridgeport-connecticut-afe7c678fa5dfc85-vlm-packet-0014,12,complex_layout_text,outputs/figures/bridgeport/vlm_crops/bridgeport-connecticut-afe7c678fa5dfc85-vlm-packet-0014_focus.png,focus_crop
bridgeport-connecticut-afe7c678fa5dfc85-vlm-packet-0014-context,bridgeport-connecticut-afe7c678fa5dfc85-vlm-packet-0014,12,context,outputs/figures/bridgeport/vlm_crops/bridgeport-connecticut-afe7c678fa5dfc85-vlm-packet-0014_context.png,context_crop
bridgeport-connecticut-afe7c678fa5dfc85-vlm-packet-0015-focus,bridgeport-connecticut-afe7c678fa5dfc85-vlm-packet-0015,23,header_uncertain_table,outputs/figures/bridgeport/vlm_crops/bridgeport-connecticut-afe7c678fa5dfc85-vlm-packet-0015_focus.png,focus_crop
bridgeport-connecticut-afe7c678fa5dfc85-vlm-packet-0015-context,bridgeport-connecticut-afe7c678fa5dfc85-vlm-packet-0015,23,context,outputs/figures/bridgeport/vlm_crops/bridgeport-connecticut-afe7c678fa5dfc85-vlm-packet-0015_context.png,context_crop
bridgeport-connecticut-afe7c678fa5dfc85-vlm-packet-0016-focus,bridgeport-connecticut-afe7c678fa5dfc85-vlm-packet-0016,30,header_uncertain_table,outputs/figures/bridgeport/vlm_crops/bridgeport-connecticut-afe7c678fa5dfc85-vlm-packet-0016_focus.png,focus_crop
bridgeport-connecticut-afe7c678fa5dfc85-vlm-packet-0016-context,bridgeport-connecticut-afe7c678fa5dfc85-vlm-packet-0016,30,context,outputs/figures/bridgeport/vlm_crops/bridgeport-connecticut-afe7c678fa5dfc85-vlm-packet-0016_context.png,context_crop
bridgeport-connecticut-afe7c678fa5dfc85-vlm-packet-0017-focus,bridgeport-connecticut-afe7c678fa5dfc85-vlm-packet-0017,31,header_uncertain_table,outputs/figures/bridgeport/vlm_crops/bridgeport-connecticut-afe7c678fa5dfc85-vlm-packet-0017_focus.png,focus_crop
bridgeport-connecticut-afe7c678fa5dfc85-vlm-packet-0017-context,bridgeport-connecticut-afe7c678fa5dfc85-vlm-packet-0017,31,context,outputs/figures/bridgeport/vlm_crops/bridgeport-connecticut-afe7c678fa5dfc85-vlm-packet-0017_context.png,context_crop
bridgeport-connecticut-afe7c678fa5dfc85-vlm-packet-0018-focus,bridgeport-connecticut-afe7c678fa5dfc85-vlm-packet-0018,34,header_uncertain_table,outputs/figures/bridgeport/vlm_crops/bridgeport-connecticut-afe7c678fa5dfc85-vlm-packet-0018_focus.png,focus_crop
bridgeport-connecticut-afe7c678fa5dfc85-vlm-packet-0018-context,bridgeport-connecticut-afe7c678fa5dfc85-vlm-packet-0018,34,context,outputs/figures/bridgeport/vlm_crops/bridgeport-connecticut-afe7c678fa5dfc85-vlm-packet-0018_context.png,context_crop
bridgeport-connecticut-afe7c678fa5dfc85-vlm-packet-0019-focus,bridgeport-connecticut-afe7c678fa5dfc85-vlm-packet-0019,117,complex_layout_text,outputs/figures/bridgeport/vlm_crops/bridgeport-connecticut-afe7c678fa5dfc85-vlm-packet-0019_focus.png,focus_crop
bridgeport-connecticut-afe7c678fa5dfc85-vlm-packet-0019-context,bridgeport-connecticut-afe7c678fa5dfc85-vlm-packet-0019,117,context,outputs/figures/bridgeport/vlm_crops/bridgeport-connecticut-afe7c678fa5dfc85-vlm-packet-0019_context.png,context_crop
bridgeport-connecticut-afe7c678fa5dfc85-vlm-packet-0020-focus,bridgeport-connecticut-afe7c678fa5dfc85-vlm-packet-0020,19,mixed_visual_context,outputs/figures/bridgeport/vlm_crops/bridgeport-connecticut-afe7c678fa5dfc85-vlm-packet-0020_focus.png,focus_crop
bridgeport-connecticut-afe7c678fa5dfc85-vlm-packet-0020-context,bridgeport-connecticut-afe7c678fa5dfc85-vlm-packet-0020,19,context,outputs/figures/bridgeport/vlm_crops/bridgeport-connecticut-afe7c678fa5dfc85-vlm-packet-0020_context.png,context_crop
bridgeport-connecticut-afe7c678fa5dfc85-vlm-packet-0021-focus,bridgeport-connecticut-afe7c678fa5dfc85-vlm-packet-0021,27,mixed_visual_context,outputs/figures/bridgeport/vlm_crops/bridgeport-connecticut-afe7c678fa5dfc85-vlm-packet-0021_focus.png,focus_crop
bridgeport-connecticut-afe7c678fa5dfc85-vlm-packet-0021-context,bridgeport-connecticut-afe7c678fa5dfc85-vlm-packet-0021,27,context,outputs/figures/bridgeport/vlm_crops/bridgeport-connecticut-afe7c678fa5dfc85-vlm-packet-0021_context.png,context_crop
bridgeport-connecticut-afe7c678fa5dfc85-vlm-packet-0022-focus,bridgeport-connecticut-afe7c678fa5dfc85-vlm-packet-0022,35,mixed_visual_context,outputs/figures/bridgeport/vlm_crops/bridgeport-connecticut-afe7c678fa5dfc85-vlm-packet-0022_focus.png,focus_crop
bridgeport-connecticut-afe7c678fa5dfc85-vlm-packet-0022-context,bridgeport-connecticut-afe7c678fa5dfc85-vlm-packet-0022,35,context,outputs/figures/bridgeport/vlm_crops/bridgeport-connecticut-afe7c678fa5dfc85-vlm-packet-0022_context.png,context_crop
bridgeport-connecticut-afe7c678fa5dfc85-vlm-packet-0023-focus,bridgeport-connecticut-afe7c678fa5dfc85-vlm-packet-0023,43,mixed_visual_context,outputs/figures/bridgeport/vlm_crops/bridgeport-connecticut-afe7c678fa5dfc85-vlm-packet-0023_focus.png,focus_crop
bridgeport-connecticut-afe7c678fa5dfc85-vlm-packet-0023-context,bridgeport-connecticut-afe7c678fa5dfc85-vlm-packet-0023,43,context,outputs/figures/bridgeport/vlm_crops/bridgeport-connecticut-afe7c678fa5dfc85-vlm-packet-0023_context.png,context_crop
bridgeport-connecticut-afe7c678fa5dfc85-vlm-packet-0024-focus,bridgeport-connecticut-afe7c678fa5dfc85-vlm-packet-0024,59,mixed_visual_context,outputs/figures/bridgeport/vlm_crops/bridgeport-connecticut-afe7c678fa5dfc85-vlm-packet-0024_focus.png,focus_crop
bridgeport-connecticut-afe7c678fa5dfc85-vlm-packet-0024-context,bridgeport-connecticut-afe7c678fa5dfc85-vlm-packet-0024,59,context,outputs/figures/bridgeport/vlm_crops/bridgeport-connecticut-afe7c678fa5dfc85-vlm-packet-0024_context.png,context_crop
