town,analysis_unit_id,district_code,district_name,variable_id,framework_label,final_determination,categorical_value,raw_value,normalized_value,source_page,section_or_node_path,source_excerpt,rationale,extraction_method,source_confidence,extraction_confidence,missingness_diagnosis,comparability_status,cross_reference_trail,date_version,score_readiness,score_eligibility_rationale
Greenwich,RA-4,RA-4,RA-4 (Single Family),V1,Minimum lot-size threshold,confirmed,,,174240.0,233.0,,4 Acres,"Direct MINIMUM LOT SIZE table cell, unambiguous unit.",prior_phase_2_manual_verification,0.9,0.9,confirmed_governing_rule,directly_comparable,prior Greenwich Phase 2 extraction,2026-10-01,score_ready,confirmed with a direct or documented-transform comparability status
Greenwich,RA-4,RA-4,RA-4 (Single Family),V2,Minimum lot-width threshold,confirmed,,,200.0,233.0,,125 ft. Lot width 200 ft. to be measured at house location,Verified visually in the official §6-205 RA-4 dimensional schedule. The phrase explicitly identifies 200 ft. as the lot-width requirement measured at the house location. The separate 125 ft. figure belongs to an adjacent requirement and is not used as lot width.,prior_phase_2_manual_verification,0.9,0.9,confirmed_governing_rule,directly_comparable,prior Greenwich Phase 2 manual review,2026-10-01,score_ready,confirmed with a direct or documented-transform comparability status
Greenwich,RA-4,RA-4,RA-4 (Single Family),V3,Vertical development capacity,genuine_absence_after_targeted_search,,,,233.0,,3-1/2,"The official §6-205 RA-4 schedule provides a maximum of 3-1/2 stories. A full-text search of the canonical PDF found no directly applicable RA-4 maximum-height value in feet and no operative stories-to-feet conversion rule; §6-204 (Exceptions to Maximum Height and Parking Space Requirements), which might have supplied one, is marked 'Deleted 6/11/86' on page 231. A feet-based value cannot be inferred.",prior_phase_2_manual_verification,0.9,0.9,genuine_absence_after_targeted_search,missing,prior Greenwich Phase 2 manual review,2026-10-01,not_score_ready_genuine_absence,exhaustive search found no applicable governing rule
Greenwich,RA-4,RA-4,RA-4 (Single Family),V4,Site-intensity / ground-plane control,not_applicable,,,,24.0,,"Lot coverage shall apply to R-MF, R-6 (three-family) and all commercial zones.","The ordinance explicitly limits lot-coverage applicability to R-MF, R-6 three-family, and commercial zones (§6-5(34.1)). RA-4 is not included. Minimum Green Area (84% for RA-4, §6-205) remains auxiliary evidence and is not converted into maximum lot coverage, since §6-5(34.1)'s definition of Lot Coverage includes buildings, parking, driveways, decks, pools, patios, and terraces -- green area is not shown to be its legal complement.",prior_phase_2_manual_verification,0.9,0.9,not_applicable_to_analysis_unit,not_applicable,prior Greenwich Phase 2 manual review,2026-10-01,not_score_ready_manual_review,unclassified -- defaulting to manual review rather than assuming readiness
Greenwich,RA-4,RA-4,RA-4 (Single Family),V5,Building-placement control,confirmed,,,250.0,233.0,,50 ft.,Symmetric side-yard value with no 'sum of both' qualifier: front(75.0) + 2 x side(50.0) + rear(75.0) = 250.0 ft.,prior_phase_2_manual_verification,0.9,0.9,confirmed_governing_rule,directly_comparable,prior Greenwich Phase 2 extraction,2026-10-01,score_ready,confirmed with a direct or documented-transform comparability status
Greenwich,RA-4,RA-4,RA-4 (Single Family),V6,Vehicle-parking burden,confirmed_qualitative_rule,,,,193.0,,"On lots used for single-family residence purposes, Short-term Residential Rentals, or for boarding or rooming houses sufficient garage space or outdoor parking space shall be provided to accommodate the passenger cars used by the residents of such premises.",§6-154 (Parking and Garages for Residential Purposes) is the controlling single-family residential parking provision for RA-4. It imposes a qualitative sufficiency requirement rather than a numeric minimum expressed as spaces per dwelling unit. Numeric parking schedules found elsewhere (§6-155: 1-1.6 spaces/bedroom for two-family/multi-family; §6-121: BMR units) apply to different uses and are not substituted for the RA-4 principal single-family rule.,prior_phase_2_manual_verification,0.9,0.9,confirmed_qualitative_rule,qualitative_only,prior Greenwich Phase 2 manual review,2026-10-01,score_ready,confirmed with a direct or documented-transform comparability status
Greenwich,RA-4,RA-4,RA-4 (Single Family),V7,3+-unit housing entitlement pathway,confirmed,prohibited,,,77.0,,"The following principal uses are permitted in RA-4, RA-2, RA-1, R-20 and R-12 Zones and all other principal uses are expressly excluded: (1) Detached single family dwellings, one (1) per lot.","Greenwich defines a multi-family dwelling (§6-5(19)) as a building containing three or more dwelling units. Multifamily housing is not among the enumerated RA-4 principal uses, and §6-93 expressly excludes all other principal uses. Therefore multifamily housing with three or more dwelling units is prohibited as a principal use in RA-4.",prior_phase_2_manual_verification,0.9,0.9,confirmed_governing_rule,needs_manual_harmonization,prior Greenwich Phase 2 manual review,2026-10-01,score_ready,confirmed with a direct or documented-transform comparability status
Greenwich,RA-4,RA-4,RA-4 (Single Family),V8,ADU entitlement pathway,confirmed,allowed_subject_to_objective_conditions,,,86.0,,"An ADU shall be constructed within lawful setbacks and on lots conforming with or exceeding the minimum size requirements in the applicable RA-4, RA-2, RA-1, R-20, R-12, R-7, or R-6 zone. ... No conversion or construction contemplated by this Section shall occur ... until the Owner has received appr","§6-99 expressly includes RA-4 among its named eligible zones (also for the 1,200 sq ft external-ADU size cap under RA-2/RA-4). A conforming ADU is allowed subject to objective standards (owner occupancy, size limits, lot/setback conformance, parking, utility/septic documentation) and staff-level Planning and Zoning Office / Town Planner or designee approval -- not Commission discretionary review. Special Permit / Commission review applies only to the exception case (oversized ADU or nonconformin",prior_phase_2_manual_verification,0.9,0.9,confirmed_governing_rule,comparable_with_documented_transform,prior Greenwich Phase 2 manual review,2026-10-01,score_ready,confirmed with a direct or documented-transform comparability status
Greenwich,RA-4,,RA-4 (Single Family),V9,Residential density / unit-cap control,confirmed_qualitative_rule,1_unit_per_lot_detached_single_family,,,77,§6-93,"Detached single family dwellings, one (1) per lot.",RA-4's own permitted-use list caps density at exactly one dwelling unit per lot by definition of the sole permitted principal residential use; zero FAR/density tokens exist in RA-4's own §6-205 schedule,prior_phase_2_citation_plus_table_token_search,0.9,0.85,confirmed_qualitative_rule,structurally_non_equivalent,§6-93 (already cited for V7); RA-4 §6-205 table checked directly for FAR/density/unit tokens (0 found),2026-10-01,score_ready_with_caveat,"confirmed but only comparable via a predeclared ordinal/categorical rubric, not a direct metric"
Greenwich,RA-4,,RA-4 (Single Family),V10,Floor-area capacity,genuine_absence_after_targeted_search,,,,233,§6-205 (RA-4 dimensional schedule),,"direct token search of RA-4's own governing dimensional-schedule table (the same table V1/V2/V5 are confirmed from) found zero FAR/Floor/Area/Ratio tokens; FAR exists elsewhere in the code (confirmed real excerpts under §6-29, §6-40, §6-67, §6-103) but governs other districts (e.g. CBG commercial), not RA-4",direct_table_token_search,0.9,0.9,genuine_absence_after_targeted_search,missing,"RA-4's own table-0003 searched directly for FAR/Floor/Area/Ratio/Density/Units/Acre tokens (0 found); document-wide FAR mentions traced to §6-29/6-40/6-67/6-103, none of which govern RA-4",2026-10-01,not_score_ready_genuine_absence,exhaustive search found no applicable governing rule
Greenwich,RA-4,,RA-4 (Single Family),V11,General discretionary-review burden,confirmed_qualitative_rule,ministerial_or_zoning_permit_only,,,77,§6-93,"The following principal uses are permitted in RA-4...: Detached single family dwellings, one (1) per lot.","the baseline by-right single-family use is a 'permitted' use under §6-93, not a special-permit use; ordinary compliance proceeds via standard zoning/building permit, not discretionary commission review",prior_phase_2_citation_reused,0.75,0.7,confirmed_qualitative_rule,needs_manual_harmonization,same §6-93 citation already used for V7; distinguishes 'permitted' (ministerial) from 'special permit' uses,2026-10-01,score_ready,confirmed with a direct or documented-transform comparability status
Greenwich,RA-4,,RA-4 (Single Family),V12,Missing-middle housing entitlement (2-4 units),confirmed,prohibited,,,77,§6-93,"...all other principal uses are expressly excluded: (1) Detached single family dwellings, one (1) per lot.","the same exclusion logic already confirmed for V7 (multifamily prohibited) applies identically to 2-4-unit missing-middle forms -- RA-4 permits only detached single-family, so duplex/triplex/fourplex/townhouse forms are also expressly excluded",prior_phase_2_citation_reused,0.9,0.9,confirmed_governing_rule,directly_comparable,same §6-93 citation already used for V7 multifamily_approval_pathway,2026-10-01,score_ready,confirmed with a direct or documented-transform comparability status
